{"providers":[{"file":"char/black.png","chars":[""],"height":1,"ascent":-5000,"type":"bitmap"},{"file":"char/black.png","chars":[""],"height":2,"ascent":-5000,"type":"bitmap"},{"file":"char/black.png","chars":[""],"height":3,"ascent":-5000,"type":"bitmap"},{"file":"char/black.png","chars":[""],"height":4,"ascent":-5000,"type":"bitmap"},{"file":"char/black.png","chars":[""],"height":5,"ascent":-5000,"type":"bitmap"},{"file":"char/black.png","chars":[""],"height":6,"ascent":-5000,"type":"bitmap"},{"file":"char/black.png","chars":[""],"height":7,"ascent":-5000,"type":"bitmap"},{"file":"char/black.png","chars":[""],"height":15,"ascent":-5000,"type":"bitmap"},{"file":"char/black.png","chars":[""],"height":31,"ascent":-5000,"type":"bitmap"},{"file":"char/black.png","chars":[""],"height":63,"ascent":-5000,"type":"bitmap"},{"file":"char/black.png","chars":[""],"height":127,"ascent":-5000,"type":"bitmap"},{"file":"char/black.png","chars":[""],"height":256,"ascent":-5000,"type":"bitmap"},{"file":"char/black.png","chars":[""],"height":512,"ascent":-5000,"type":"bitmap"},{"file":"char/black.png","chars":[""],"height":1024,"ascent":-5000,"type":"bitmap"},{"file":"char/black.png","chars":[""],"height":-3,"ascent":-5000,"type":"bitmap"},{"file":"char/black.png","chars":[""],"height":-4,"ascent":-5000,"type":"bitmap"},{"file":"char/black.png","chars":[""],"height":-5,"ascent":-5000,"type":"bitmap"},{"file":"char/black.png","chars":[""],"height":-6,"ascent":-5000,"type":"bitmap"},{"file":"char/black.png","chars":[""],"height":-7,"ascent":-5000,"type":"bitmap"},{"file":"char/black.png","chars":[""],"height":-8,"ascent":-5000,"type":"bitmap"},{"file":"char/black.png","chars":[""],"height":-9,"ascent":-5000,"type":"bitmap"},{"file":"char/black.png","chars":[""],"height":-10,"ascent":-5000,"type":"bitmap"},{"file":"char/black.png","chars":[""],"height":-18,"ascent":-5000,"type":"bitmap"},{"file":"char/black.png","chars":[""],"height":-34,"ascent":-5000,"type":"bitmap"},{"file":"char/black.png","chars":[""],"height":-66,"ascent":-5000,"type":"bitmap"},{"file":"char/black.png","chars":[""],"height":-130,"ascent":-5000,"type":"bitmap"},{"file":"char/black.png","chars":[""],"height":-259,"ascent":-5000,"type":"bitmap"},{"file":"char/black.png","chars":[""],"height":-515,"ascent":-5000,"type":"bitmap"},{"file":"char/black.png","chars":[""],"height":-1027,"ascent":-5000,"type":"bitmap"},{"file":"_iainternal:gui/no_recipe.png","chars":[""],"height":170,"ascent":47,"type":"bitmap"},{"file":"_iainternal:gui/crafting.png","chars":[""],"height":170,"ascent":47,"type":"bitmap"},{"file":"_iainternal:gui/cooking.png","chars":[""],"height":170,"ascent":47,"type":"bitmap"},{"file":"_iainternal:gui/blank_menu.png","chars":[""],"height":170,"ascent":47,"type":"bitmap"},{"file":"_iainternal:gui/anvil_repair.png","chars":[""],"height":170,"ascent":47,"type":"bitmap"},{"file":"_iainternal:gui/smithing.png","chars":[""],"height":170,"ascent":47,"type":"bitmap"},{"file":"lzranks:font/rank_tags/coal_tag.png","chars":[""],"height":7,"ascent":7,"type":"bitmap"},{"file":"lzranks:font/rank_tags/amethyst_tag.png","chars":[""],"height":7,"ascent":7,"type":"bitmap"},{"file":"lzranks:font/rank_tags/redstone_tag.png","chars":[""],"height":7,"ascent":7,"type":"bitmap"},{"file":"lzranks:font/rank_tags/lazuli_tag.png","chars":[""],"height":7,"ascent":7,"type":"bitmap"},{"file":"lzranks:font/rank_tags/iron_tag.png","chars":[""],"height":7,"ascent":7,"type":"bitmap"},{"file":"lzranks:font/rank_tags/gold_tag.png","chars":[""],"height":7,"ascent":7,"type":"bitmap"},{"file":"lzranks:font/rank_tags/emerald_tag.png","chars":[""],"height":7,"ascent":7,"type":"bitmap"},{"file":"lzranks:font/rank_tags/diamond_tag.png","chars":[""],"height":7,"ascent":7,"type":"bitmap"},{"file":"lzranks:font/rank_tags/player_tag.png","chars":[""],"height":7,"ascent":7,"type":"bitmap"},{"file":"lzranks:font/rank_tags/vip_tag.png","chars":[""],"height":7,"ascent":7,"type":"bitmap"},{"file":"lzranks:font/rank_tags/vipplus_tag.png","chars":[""],"height":7,"ascent":7,"type":"bitmap"},{"file":"lzranks:font/rank_tags/youtube_tag.png","chars":[""],"height":7,"ascent":7,"type":"bitmap"},{"file":"lzranks:font/rank_tags/twitch_tag.png","chars":[""],"height":7,"ascent":7,"type":"bitmap"},{"file":"lzranks:font/rank_tags/builder_tag.png","chars":[""],"height":7,"ascent":7,"type":"bitmap"},{"file":"lzranks:font/rank_tags/supporter_tag.png","chars":[""],"height":7,"ascent":7,"type":"bitmap"},{"file":"lzranks:font/rank_tags/moderator_tag.png","chars":[""],"height":7,"ascent":7,"type":"bitmap"},{"file":"lzranks:font/rank_tags/developer_tag.png","chars":[""],"height":7,"ascent":7,"type":"bitmap"},{"file":"lzranks:font/rank_tags/admin_tag.png","chars":[""],"height":7,"ascent":7,"type":"bitmap"},{"file":"lzranks:font/rank_tags/discord_tag.png","chars":[""],"height":7,"ascent":7,"type":"bitmap"},{"file":"lzranks:font/rank_tags/booster_tag.png","chars":[""],"height":7,"ascent":7,"type":"bitmap"},{"file":"lzranks:font/rank_icon_tags/coal_icon_tag.png","chars":[""],"height":7,"ascent":7,"type":"bitmap"},{"file":"lzranks:font/rank_icon_tags/amethyst_icon_tag.png","chars":[""],"height":7,"ascent":7,"type":"bitmap"},{"file":"lzranks:font/rank_icon_tags/redstone_icon_tag.png","chars":[""],"height":7,"ascent":7,"type":"bitmap"},{"file":"lzranks:font/rank_icon_tags/lazuli_icon_tag.png","chars":[""],"height":7,"ascent":7,"type":"bitmap"},{"file":"lzranks:font/rank_icon_tags/iron_icon_tag.png","chars":[""],"height":7,"ascent":7,"type":"bitmap"},{"file":"lzranks:font/rank_icon_tags/gold_icon_tag.png","chars":[""],"height":7,"ascent":7,"type":"bitmap"},{"file":"lzranks:font/rank_icon_tags/emerald_icon_tag.png","chars":[""],"height":7,"ascent":7,"type":"bitmap"},{"file":"lzranks:font/rank_icon_tags/diamond_icon_tag.png","chars":[""],"height":7,"ascent":7,"type":"bitmap"},{"file":"lzranks:font/rank_icon_tags/player_icon_tag.png","chars":[""],"height":7,"ascent":7,"type":"bitmap"},{"file":"lzranks:font/rank_icon_tags/vip_icon_tag.png","chars":[""],"height":7,"ascent":7,"type":"bitmap"},{"file":"lzranks:font/rank_icon_tags/vipplus_icon_tag.png","chars":[""],"height":7,"ascent":7,"type":"bitmap"},{"file":"lzranks:font/rank_icon_tags/youtube_icon_tag.png","chars":[""],"height":7,"ascent":7,"type":"bitmap"},{"file":"lzranks:font/rank_icon_tags/twitch_icon_tag.png","chars":[""],"height":7,"ascent":7,"type":"bitmap"},{"file":"lzranks:font/rank_icon_tags/builder_icon_tag.png","chars":[""],"height":7,"ascent":7,"type":"bitmap"},{"file":"lzranks:font/rank_icon_tags/supporter_icon_tag.png","chars":[""],"height":7,"ascent":7,"type":"bitmap"},{"file":"lzranks:font/rank_icon_tags/moderator_icon_tag.png","chars":[""],"height":7,"ascent":7,"type":"bitmap"},{"file":"lzranks:font/rank_icon_tags/developer_icon_tag.png","chars":[""],"height":7,"ascent":7,"type":"bitmap"},{"file":"lzranks:font/rank_icon_tags/admin_icon_tag.png","chars":[""],"height":7,"ascent":7,"type":"bitmap"},{"file":"lzranks:font/rank_icon_tags/discord_icon_tag.png","chars":[""],"height":7,"ascent":7,"type":"bitmap"},{"file":"lzranks:font/rank_icons/coal_icon.png","chars":[""],"height":7,"ascent":7,"type":"bitmap"},{"file":"lzranks:font/rank_icons/amethyst_icon.png","chars":[""],"height":7,"ascent":7,"type":"bitmap"},{"file":"lzranks:font/rank_icons/redstone_icon.png","chars":[""],"height":7,"ascent":7,"type":"bitmap"},{"file":"lzranks:font/rank_icons/lazuli_icon.png","chars":[""],"height":7,"ascent":7,"type":"bitmap"},{"file":"lzranks:font/rank_icons/iron_icon.png","chars":[""],"height":7,"ascent":7,"type":"bitmap"},{"file":"lzranks:font/rank_icons/gold_icon.png","chars":[""],"height":7,"ascent":7,"type":"bitmap"},{"file":"lzranks:font/rank_icons/emerald_icon.png","chars":[""],"height":7,"ascent":7,"type":"bitmap"},{"file":"lzranks:font/rank_icons/diamond_icon.png","chars":[""],"height":7,"ascent":7,"type":"bitmap"},{"file":"lzranks:font/rank_icons/player_icon.png","chars":[""],"height":7,"ascent":7,"type":"bitmap"},{"file":"lzranks:font/rank_icons/vip_icon.png","chars":[""],"height":7,"ascent":7,"type":"bitmap"},{"file":"lzranks:font/rank_icons/vipplus_icon.png","chars":[""],"height":7,"ascent":7,"type":"bitmap"},{"file":"lzranks:font/rank_icons/youtube_icon.png","chars":[""],"height":7,"ascent":7,"type":"bitmap"},{"file":"lzranks:font/rank_icons/twitch_icon.png","chars":[""],"height":7,"ascent":7,"type":"bitmap"},{"file":"lzranks:font/rank_icons/builder_icon.png","chars":[""],"height":7,"ascent":7,"type":"bitmap"},{"file":"lzranks:font/rank_icons/supporter_icon.png","chars":[""],"height":7,"ascent":7,"type":"bitmap"},{"file":"lzranks:font/rank_icons/moderator_icon.png","chars":[""],"height":7,"ascent":7,"type":"bitmap"},{"file":"lzranks:font/rank_icons/developer_icon.png","chars":[""],"height":7,"ascent":7,"type":"bitmap"},{"file":"lzranks:font/rank_icons/admin_icon.png","chars":[""],"height":7,"ascent":7,"type":"bitmap"},{"file":"lzranks:font/rank_icons/discord_icon.png","chars":[""],"height":7,"ascent":7,"type":"bitmap"}]}