{"sources":[{"type":"single","resource":"emissary_set:emissary_set/pickaxe"},{"type":"single","resource":"emissary_set:emissary_set/katana"},{"type":"single","resource":"emissary_set:emissary_set/melee"},{"type":"single","resource":"emissary_set:emissary_set/animation_1-sheet"},{"type":"single","resource":"emissary_set:emissary_set/armor/emissary_boots_icon"},{"type":"single","resource":"_iainternal:icons/icon_left_blue"},{"type":"single","resource":"_iainternal:icons/icon_cancel"},{"type":"single","resource":"emissary_set:emissary_set/key"},{"type":"single","resource":"emissary_set:emissary_set/wings"},{"type":"single","resource":"_iainternal:icons/icon_back_orange"},{"type":"single","resource":"emissary_set:emissary_set/trident"},{"type":"single","resource":"_iainternal:icons/icon_arrow_chest"},{"type":"single","resource":"emissary_set:emissary_set/sword"},{"type":"single","resource":"emissary_set:emissary_set/armor/emissary_leggings_icon"},{"type":"single","resource":"emissary_set:emissary_set/chest"},{"type":"single","resource":"emissary_set:emissary_set/helmet"},{"type":"single","resource":"emissary_set:emissary_set/axe"},{"type":"single","resource":"emissary_set:emissary_set/bow_1"},{"type":"single","resource":"_iainternal:icons/icon_search"},{"type":"single","resource":"_iainternal:icons/icon_next_orange"},{"type":"single","resource":"_iainternal:icons/icon_right_blue"},{"type":"single","resource":"emissary_set:emissary_set/bow"},{"type":"single","resource":"emissary_set:emissary_set/bow_2"},{"type":"single","resource":"emissary_set:emissary_set/shovel"},{"type":"single","resource":"emissary_set:emissary_set/halberd"},{"type":"single","resource":"emissary_set:emissary_set/shield"},{"type":"single","resource":"emissary_set:emissary_set/crossbow"},{"type":"single","resource":"emissary_set:emissary_set/grove"},{"type":"single","resource":"emissary_set:emissary_set/crossbow_1"},{"type":"single","resource":"emissary_set:emissary_set/hoe"},{"type":"single","resource":"emissary_set:emissary_set/armor/emissary_chestplate_icon"},{"type":"single","resource":"emissary_set:emissary_set/spear"},{"type":"single","resource":"emissary_set:emissary_set/crossbow_2"},{"type":"single","resource":"emissary_set:emissary_set/staff"}]}