{"parent":"minecraft:item/generated","textures":{"layer0":"minecraft:item/diamond"},"overrides":[{"predicate":{"custom_model_data":11001},"model":"emissary_set:emissary_set/wings"},{"predicate":{"custom_model_data":11002},"model":"emissary_set:emissary_set/chest"},{"predicate":{"custom_model_data":11003},"model":"emissary_set:emissary_set/chest_opening"},{"predicate":{"custom_model_data":11004},"model":"emissary_set:emissary_set/helmet"},{"predicate":{"custom_model_data":11005},"model":"emissary_set:emissary_set/key"},{"predicate":{"custom_model_data":11006},"model":"item/diamond"}]}