{"parent":"minecraft:item/handheld","textures":{"layer0":"minecraft:item/diamond_sword"},"overrides":[{"predicate":{"custom_model_data":10000},"model":"emissary_set:emissary_set/sword"},{"predicate":{"custom_model_data":10001},"model":"emissary_set:emissary_set/claws"},{"predicate":{"custom_model_data":10002},"model":"emissary_set:emissary_set/halberd"},{"predicate":{"custom_model_data":10003},"model":"emissary_set:emissary_set/katana"},{"predicate":{"custom_model_data":10004},"model":"emissary_set:emissary_set/knife"},{"predicate":{"custom_model_data":10005},"model":"emissary_set:emissary_set/spear"},{"predicate":{"custom_model_data":10006},"model":"emissary_set:emissary_set/staff"},{"predicate":{"custom_model_data":10007},"model":"emissary_set:emissary_set/trident"},{"predicate":{"custom_model_data":10008},"model":"item/diamond_sword"}]}