{"credit":"Made with Blockbench","texture_size":[8,8],"textures":{"1":"emissary_set:emissary_set/animation_1-sheet","2":"emissary_set:emissary_set/axe","particle":"emissary_set:emissary_set/axe"},"elements":[{"from":[7.37648,16.08544,12.1521],"to":[8.62448,17.04544,12.1521],"rotation":{"angle":-45,"axis":"x","origin":[8,16.63744,14.58458]},"faces":{"north":{"uv":[11.25,15,10,16],"rotation":180,"texture":"#2"},"east":{"uv":[0,0,1,0],"rotation":270,"texture":"#2"},"south":{"uv":[11.25,16,10,15],"texture":"#2"},"west":{"uv":[0,0,1,0],"rotation":90,"texture":"#2"},"up":{"uv":[0,0,1.25,0],"rotation":180,"texture":"#2"},"down":{"uv":[0,0,1.25,0],"texture":"#2"}}},{"from":[7.5,0,7.5],"to":[8.5,1,8.5],"rotation":{"angle":-45,"axis":"x","origin":[8,0.5,8]},"faces":{"north":{"uv":[13,10,14,11],"texture":"#2"},"east":{"uv":[13,11,14,12],"texture":"#2"},"south":{"uv":[12,13,13,14],"texture":"#2"},"west":{"uv":[13,12,14,13],"texture":"#2"},"up":{"uv":[14,14,13,13],"texture":"#2"},"down":{"uv":[1,14,0,15],"texture":"#2"}}},{"from":[7.6,0.7,7.6],"to":[8.4,2.7,8.4],"rotation":{"angle":0,"axis":"x","origin":[8,1.2,8]},"faces":{"north":{"uv":[4,12,4.75,14],"texture":"#2"},"east":{"uv":[6,12,6.75,14],"texture":"#2"},"south":{"uv":[7,12,7.75,14],"texture":"#2"},"west":{"uv":[12,7,12.75,9],"texture":"#2"},"up":{"uv":[10.75,14.75,10,14],"texture":"#2"},"down":{"uv":[14.75,10,14,10.75],"texture":"#2"}}},{"from":[7.5,2.7,7.5],"to":[8.5,3.7,8.5],"rotation":{"angle":0,"axis":"x","origin":[8,3.2,8]},"faces":{"north":{"uv":[14,0,15,1],"texture":"#2"},"east":{"uv":[14,1,15,2],"texture":"#2"},"south":{"uv":[2,14,3,15],"texture":"#2"},"west":{"uv":[14,2,15,3],"texture":"#2"},"up":{"uv":[4,15,3,14],"texture":"#2"},"down":{"uv":[15,3,14,4],"texture":"#2"}}},{"from":[7.6,3.7,7.6],"to":[8.4,5.7,8.4],"rotation":{"angle":0,"axis":"x","origin":[8,4.2,8]},"faces":{"north":{"uv":[8,12,8.75,14],"texture":"#2"},"east":{"uv":[9,12,9.75,14],"texture":"#2"},"south":{"uv":[12,9,12.75,11],"texture":"#2"},"west":{"uv":[12,11,12.75,13],"texture":"#2"},"up":{"uv":[11.75,14.75,11,14],"texture":"#2"},"down":{"uv":[14.75,11,14,11.75],"texture":"#2"}}},{"from":[7.5,13.4,7.5],"to":[8.5,15.4,9.5],"rotation":{"angle":-45,"axis":"x","origin":[8,13.9,8]},"faces":{"north":{"uv":[4,10,5,12],"texture":"#2"},"east":{"uv":[8,7,10,9],"texture":"#2"},"south":{"uv":[2,12,3,14],"texture":"#2"},"west":{"uv":[9,0,11,2],"texture":"#2"},"up":{"uv":[4,14,3,12],"texture":"#2"},"down":{"uv":[13,3,12,5],"texture":"#2"}}},{"from":[7.3,13.6,7.7],"to":[8.7,15.2,9.3],"rotation":{"angle":-45,"axis":"x","origin":[8,13.9,8]},"faces":{"north":{"uv":[2,10,3.5,11.5],"texture":"#2"},"east":{"uv":[10,3,11.5,4.5],"texture":"#2"},"south":{"uv":[10,7,11.5,8.5],"texture":"#2"},"west":{"uv":[10,9,11.5,10.5],"texture":"#2"},"up":{"uv":[12.5,1.5,11,0],"texture":"#2"},"down":{"uv":[11.5,11,10,12.5],"texture":"#2"}}},{"from":[8.00035,12.49975,4.79289],"to":[8.00035,13.49975,5.79289],"rotation":{"angle":-45,"axis":"y","origin":[8.00035,13.49975,4.79289]},"faces":{"north":{"uv":[0,0,0,1],"texture":"#2"},"east":{"uv":[15,5,14,6],"texture":"#2"},"south":{"uv":[0,0,0,1],"texture":"#2"},"west":{"uv":[14,5,15,6],"texture":"#2"},"up":{"uv":[0,1,0,0],"texture":"#2"},"down":{"uv":[0,0,0,1],"texture":"#2"}}},{"from":[7.29325,12.49975,5.5],"to":[7.29325,13.49975,10.5],"rotation":{"angle":0,"axis":"z","origin":[7.29325,13.49975,5.5]},"faces":{"north":{"uv":[0,0,0,1],"texture":"#2"},"east":{"uv":[8,6,13,7],"texture":"#2"},"south":{"uv":[0,0,0,1],"texture":"#2"},"west":{"uv":[8,6,13,7],"texture":"#2"},"up":{"uv":[0,5,0,0],"texture":"#2"},"down":{"uv":[0,0,0,5],"texture":"#2"}}},{"from":[7.37648,15.88112,12.23673],"to":[7.37648,16.84112,14.82873],"rotation":{"angle":-45,"axis":"x","origin":[8,16.43312,14.38025]},"faces":{"north":{"uv":[0,0,0,1],"rotation":180,"texture":"#2"},"east":{"uv":[9,3,10,5.75],"rotation":270,"texture":"#2"},"south":{"uv":[0,1,0,0],"texture":"#2"},"west":{"uv":[8,9,9,11.75],"rotation":90,"texture":"#2"},"up":{"uv":[0,0,0,2.75],"rotation":180,"texture":"#2"},"down":{"uv":[0,0,0,2.75],"texture":"#2"}}},{"from":[7.37648,15.88112,14.82777],"to":[8.62448,16.84112,14.82777],"rotation":{"angle":-45,"axis":"x","origin":[8,16.43312,14.38025]},"faces":{"north":{"uv":[11.25,13,10,14],"rotation":180,"texture":"#2"},"east":{"uv":[0,0,1,0],"rotation":270,"texture":"#2"},"south":{"uv":[14.25,5,13,4],"texture":"#2"},"west":{"uv":[0,0,1,0],"rotation":90,"texture":"#2"},"up":{"uv":[0,0,1.25,0],"rotation":180,"texture":"#2"},"down":{"uv":[0,0,1.25,0],"texture":"#2"}}},{"from":[8.62352,15.88112,12.23673],"to":[8.62352,16.84112,14.82873],"rotation":{"angle":-45,"axis":"x","origin":[8,16.43312,14.38025]},"faces":{"north":{"uv":[0,0,0,1],"rotation":180,"texture":"#2"},"east":{"uv":[9,9,10,11.75],"rotation":270,"texture":"#2"},"south":{"uv":[0,1,0,0],"texture":"#2"},"west":{"uv":[1,10,2,12.75],"rotation":90,"texture":"#2"},"up":{"uv":[0,0,0,2.75],"rotation":180,"texture":"#2"},"down":{"uv":[0,0,0,2.75],"texture":"#2"}}},{"from":[7.37648,16.08544,3.8479],"to":[8.62448,17.04544,3.8479],"rotation":{"angle":45,"axis":"x","origin":[8,16.63744,1.41542]},"faces":{"north":{"uv":[10,16,11.25,15],"texture":"#2"},"east":{"uv":[0,0,1,0],"rotation":270,"texture":"#2"},"south":{"uv":[10,15,11.25,16],"rotation":180,"texture":"#2"},"west":{"uv":[0,0,1,0],"rotation":90,"texture":"#2"},"up":{"uv":[0,0,1.25,0],"rotation":180,"texture":"#2"},"down":{"uv":[0,0,1.25,0],"texture":"#2"}}},{"from":[8.62352,15.88112,1.17127],"to":[8.62352,16.84112,3.76327],"rotation":{"angle":45,"axis":"x","origin":[8,16.43312,1.61975]},"faces":{"north":{"uv":[0,1,0,0],"texture":"#2"},"east":{"uv":[9,11.75,10,9],"rotation":270,"texture":"#2"},"south":{"uv":[0,0,0,1],"rotation":180,"texture":"#2"},"west":{"uv":[1,12.75,2,10],"rotation":90,"texture":"#2"},"up":{"uv":[0,2.75,0,0],"rotation":180,"texture":"#2"},"down":{"uv":[0,2.75,0,0],"texture":"#2"}}},{"from":[7.37648,15.88112,1.17127],"to":[7.37648,16.84112,3.76327],"rotation":{"angle":45,"axis":"x","origin":[8,16.43312,1.61975]},"faces":{"north":{"uv":[0,1,0,0],"texture":"#2"},"east":{"uv":[9,5.75,10,3],"rotation":270,"texture":"#2"},"south":{"uv":[0,0,0,1],"rotation":180,"texture":"#2"},"west":{"uv":[8,11.75,9,9],"rotation":90,"texture":"#2"},"up":{"uv":[0,2.75,0,0],"rotation":180,"texture":"#2"},"down":{"uv":[0,2.75,0,0],"texture":"#2"}}},{"from":[7.37648,15.88112,1.17223],"to":[8.62448,16.84112,1.17223],"rotation":{"angle":45,"axis":"x","origin":[8,16.43312,1.61975]},"faces":{"north":{"uv":[13,5,14.25,4],"texture":"#2"},"east":{"uv":[0,0,1,0],"rotation":270,"texture":"#2"},"south":{"uv":[10,13,11.25,14],"rotation":180,"texture":"#2"},"west":{"uv":[0,0,1,0],"rotation":90,"texture":"#2"},"up":{"uv":[0,0,1.25,0],"rotation":180,"texture":"#2"},"down":{"uv":[0,0,1.25,0],"texture":"#2"}}},{"from":[8.00035,12.49975,10.20711],"to":[8.00035,13.49975,11.20711],"rotation":{"angle":45,"axis":"y","origin":[8.00035,13.49975,11.20711]},"faces":{"north":{"uv":[0,0,0,1],"texture":"#2"},"east":{"uv":[6,14,7,15],"texture":"#2"},"south":{"uv":[0,0,0,1],"texture":"#2"},"west":{"uv":[7,14,6,15],"texture":"#2"},"up":{"uv":[0,1,0,0],"texture":"#2"},"down":{"uv":[0,0,0,1],"texture":"#2"}}},{"from":[7.5,5.7,7.5],"to":[8.5,11.7,8.5],"rotation":{"angle":0,"axis":"y","origin":[7.1,3.4,7.1]},"faces":{"north":{"uv":[7,0,8,6],"texture":"#2"},"east":{"uv":[7,6,8,12],"texture":"#2"},"south":{"uv":[0,8,1,14],"texture":"#2"},"west":{"uv":[8,0,9,6],"texture":"#2"},"up":{"uv":[8,15,7,14],"texture":"#2"},"down":{"uv":[15,7,14,8],"texture":"#2"}}},{"from":[7.6,11.7,7.6],"to":[8.4,13.7,8.4],"rotation":{"angle":0,"axis":"x","origin":[8,12.2,8]},"faces":{"north":{"uv":[13,0,13.75,2],"texture":"#2"},"east":{"uv":[1,13,1.75,15],"texture":"#2"},"south":{"uv":[13,2,13.75,4],"texture":"#2"},"west":{"uv":[5,13,5.75,15],"texture":"#2"},"up":{"uv":[12.75,14.75,12,14],"texture":"#2"},"down":{"uv":[14.75,12,14,12.75],"texture":"#2"}}},{"from":[7.6,14.1,3.15],"to":[8.4,15.1,7.15],"rotation":{"angle":0,"axis":"y","origin":[7.5,14,0.15]},"faces":{"north":{"uv":[8,14,8.75,15],"texture":"#2"},"east":{"uv":[1,9,5,10],"texture":"#2"},"south":{"uv":[14,8,14.75,9],"texture":"#2"},"west":{"uv":[9,2,13,3],"texture":"#2"},"up":{"uv":[6.75,12,6,8],"texture":"#2"},"down":{"uv":[5.75,9,5,13],"texture":"#2"}}},{"from":[7.61,14.66066,1.79645],"to":[8.39,15.66066,3.79645],"rotation":{"angle":45,"axis":"x","origin":[8.01,15.16066,2.79645]},"faces":{"north":{"uv":[9,14,9.75,15],"texture":"#2"},"east":{"uv":[10,5,12,6],"texture":"#2"},"south":{"uv":[14,9,14.75,10],"texture":"#2"},"west":{"uv":[12,5,14,6],"texture":"#2"},"up":{"uv":[13.75,8,13,6],"texture":"#2"},"down":{"uv":[13.75,8,13,10],"texture":"#2"}}},{"from":[8,9,0.625],"to":[8,17,7.625],"rotation":{"angle":0,"axis":"y","origin":[8,8,-0.375]},"faces":{"north":{"uv":[0,0,0,8],"texture":"#2"},"east":{"uv":[7,0,0,8],"texture":"#2"},"south":{"uv":[0,0,0,8],"texture":"#2"},"west":{"uv":[0,0,7,8],"texture":"#2"},"up":{"uv":[0,7,0,0],"texture":"#2"},"down":{"uv":[0,0,0,7],"texture":"#2"}}},{"from":[7.61,14.66066,12.20355],"to":[8.39,15.66066,14.20355],"rotation":{"angle":-45,"axis":"x","origin":[8.01,15.16066,13.20355]},"faces":{"north":{"uv":[14.75,9,14,10],"texture":"#2"},"east":{"uv":[12,5,10,6],"texture":"#2"},"south":{"uv":[9.75,14,9,15],"texture":"#2"},"west":{"uv":[14,5,12,6],"texture":"#2"},"up":{"uv":[13.75,6,13,8],"texture":"#2"},"down":{"uv":[13.75,10,13,8],"texture":"#2"}}},{"from":[7.6,14.1,8.85],"to":[8.4,15.1,12.85],"rotation":{"angle":0,"axis":"y","origin":[7.5,14,15.85]},"faces":{"north":{"uv":[14.75,8,14,9],"texture":"#2"},"east":{"uv":[5,9,1,10],"texture":"#2"},"south":{"uv":[8.75,14,8,15],"texture":"#2"},"west":{"uv":[13,2,9,3],"texture":"#2"},"up":{"uv":[6.75,8,6,12],"texture":"#2"},"down":{"uv":[5.75,13,5,9],"texture":"#2"}}},{"from":[8,9,8.375],"to":[8,17,15.375],"rotation":{"angle":0,"axis":"y","origin":[8,8,16.375]},"faces":{"north":{"uv":[0,0,0,8],"texture":"#2"},"east":{"uv":[0,0,7,8],"texture":"#2"},"south":{"uv":[0,0,0,8],"texture":"#2"},"west":{"uv":[7,0,0,8],"texture":"#2"},"up":{"uv":[0,0,0,7],"texture":"#2"},"down":{"uv":[0,7,0,0],"texture":"#2"}}},{"from":[7.99965,12.49975,4.7936],"to":[7.99965,13.49975,5.7936],"rotation":{"angle":45,"axis":"y","origin":[7.99965,13.49975,4.7936]},"faces":{"north":{"uv":[0,0,0,1],"texture":"#2"},"east":{"uv":[15,5,14,6],"texture":"#2"},"south":{"uv":[0,0,0,1],"texture":"#2"},"west":{"uv":[14,5,15,6],"texture":"#2"},"up":{"uv":[0,1,0,0],"texture":"#2"},"down":{"uv":[0,0,0,1],"texture":"#2"}}},{"from":[8.70675,12.49975,5.50071],"to":[8.70675,13.49975,10.50071],"rotation":{"angle":0,"axis":"z","origin":[8.70675,13.49975,5.50071]},"faces":{"north":{"uv":[0,0,0,1],"texture":"#2"},"east":{"uv":[13,6,8,7],"texture":"#2"},"south":{"uv":[0,0,0,1],"texture":"#2"},"west":{"uv":[13,6,8,7],"texture":"#2"},"up":{"uv":[0,5,0,0],"texture":"#2"},"down":{"uv":[0,0,0,5],"texture":"#2"}}},{"from":[7.99965,12.49975,10.20781],"to":[7.99965,13.49975,11.20781],"rotation":{"angle":-45,"axis":"y","origin":[7.99965,13.49975,11.20781]},"faces":{"north":{"uv":[0,0,0,1],"texture":"#2"},"east":{"uv":[6,14,7,15],"texture":"#2"},"south":{"uv":[0,0,0,1],"texture":"#2"},"west":{"uv":[7,14,6,15],"texture":"#2"},"up":{"uv":[0,1,0,0],"texture":"#2"},"down":{"uv":[0,0,0,1],"texture":"#2"}}},{"from":[7.5,14,3.8],"to":[8.5,15.5,4.8],"rotation":{"angle":0,"axis":"y","origin":[7.5,7,0]},"faces":{"north":{"uv":[13,14.5,14,16],"texture":"#2"},"east":{"uv":[13,16,14,14.5],"texture":"#2"},"south":{"uv":[13,14.5,14,16],"texture":"#2"},"west":{"uv":[13,16,14,14.5],"texture":"#2"},"up":{"uv":[14.25,14.5,15.25,15.5],"texture":"#2"},"down":{"uv":[15.25,15.5,14.25,14.5],"texture":"#2"}}},{"from":[7.5,14,5.5],"to":[8.5,15.5,6.5],"rotation":{"angle":0,"axis":"y","origin":[7.5,7,0]},"faces":{"north":{"uv":[13,14.5,14,16],"texture":"#2"},"east":{"uv":[13,16,14,14.5],"texture":"#2"},"south":{"uv":[13,14.5,14,16],"texture":"#2"},"west":{"uv":[13,16,14,14.5],"texture":"#2"},"up":{"uv":[14.25,14.5,15.25,15.5],"texture":"#2"},"down":{"uv":[15.25,15.5,14.25,14.5],"texture":"#2"}}},{"from":[7.5,14,9.5],"to":[8.5,15.5,10.5],"rotation":{"angle":0,"axis":"y","origin":[7.5,7,16]},"faces":{"north":{"uv":[14,14.5,13,16],"texture":"#2"},"east":{"uv":[14,16,13,14.5],"texture":"#2"},"south":{"uv":[14,14.5,13,16],"texture":"#2"},"west":{"uv":[14,16,13,14.5],"texture":"#2"},"up":{"uv":[14.25,15.5,15.25,14.5],"texture":"#2"},"down":{"uv":[15.25,14.5,14.25,15.5],"texture":"#2"}}},{"from":[7.5,14,11.2],"to":[8.5,15.5,12.2],"rotation":{"angle":0,"axis":"y","origin":[7.5,7,16]},"faces":{"north":{"uv":[14,14.5,13,16],"texture":"#2"},"east":{"uv":[14,16,13,14.5],"texture":"#2"},"south":{"uv":[14,14.5,13,16],"texture":"#2"},"west":{"uv":[14,16,13,14.5],"texture":"#2"},"up":{"uv":[14.25,15.5,15.25,14.5],"texture":"#2"},"down":{"uv":[15.25,14.5,14.25,15.5],"texture":"#2"}}},{"from":[4.5,10.9,8],"to":[11.5,17.9,8],"rotation":{"angle":45,"axis":"y","origin":[8,14.4,8]},"faces":{"north":{"uv":[14,0,0,14],"texture":"#1"},"east":{"uv":[0,0,0,14],"texture":"#1"},"south":{"uv":[0,0,14,14],"texture":"#1"},"west":{"uv":[0,0,0,14],"texture":"#1"},"up":{"uv":[0,14,0,0],"rotation":270,"texture":"#1"},"down":{"uv":[0,0,0,14],"rotation":90,"texture":"#1"}}},{"from":[4.5,10.9,8],"to":[11.5,17.9,8],"rotation":{"angle":-45,"axis":"y","origin":[8,14.4,8]},"faces":{"north":{"uv":[14,0,0,14],"rotation":180,"texture":"#1"},"east":{"uv":[0,0,0,14],"rotation":180,"texture":"#1"},"south":{"uv":[0,0,14,14],"rotation":180,"texture":"#1"},"west":{"uv":[0,0,0,14],"rotation":180,"texture":"#1"},"up":{"uv":[0,0,0,14],"rotation":270,"texture":"#1"},"down":{"uv":[0,14,0,0],"rotation":90,"texture":"#1"}}}],"gui_light":"front","display":{"thirdperson_righthand":{"translation":[0,1.5,0.5]},"thirdperson_lefthand":{"translation":[0,1.5,0.5]},"firstperson_righthand":{"rotation":[-10.01,-5.35,4.39],"translation":[0.75,3.5,0],"scale":[0.90234,0.90234,0.90234]},"firstperson_lefthand":{"rotation":[-10.01,-5.35,4.39],"translation":[0.75,3.5,0],"scale":[0.90234,0.90234,0.90234]},"ground":{"rotation":[0,0,-77],"translation":[0,-0.5,0],"scale":[1.07813,1.07813,1.07813]},"gui":{"rotation":[90,-135,90],"translation":[-2,-2,0],"scale":[0.8,0.8,0.8]},"head":{"rotation":[2,0,0],"scale":[0,0,0]},"fixed":{"rotation":[-90,90,90],"translation":[0,-0.25,-2.25],"scale":[2.05195,2.05195,2.05195]}}}