{
	"credit": "Made with Blockbench",
	"texture_size": [24, 24],
	"textures": {
		"0": "emissary_set:emissary_set/bow_1",
		"1": "emissary_set:emissary_set/animation_1-sheet",
		"particle": "emissary_set:emissary_set/bow_1"
	},
	"elements": [
		{
			"from": [7.5, 6, 8.3],
			"to": [8.5, 10, 9.3],
			"rotation": {"angle": 0, "axis": "y", "origin": [8, 7.5, 8.8]},
			"faces": {
				"north": {"uv": [7.33333, 6, 8, 8.66667], "texture": "#0"},
				"east": {"uv": [6.66667, 7.33333, 7.33333, 10], "texture": "#0"},
				"south": {"uv": [8, 4.66667, 8.66667, 7.33333], "texture": "#0"},
				"west": {"uv": [8, 7.33333, 8.66667, 10], "texture": "#0"},
				"up": {"uv": [10, 12.66667, 9.33333, 12], "texture": "#0"},
				"down": {"uv": [10.66667, 12, 10, 12.66667], "texture": "#0"}
			}
		},
		{
			"from": [7.5, 9.97355, 7.60223],
			"to": [8.5, 11.97355, 8.60223],
			"rotation": {"angle": -45, "axis": "x", "origin": [7.5, 11.47355, 7.60223]},
			"faces": {
				"north": {"uv": [5.33333, 10.66667, 6, 12], "texture": "#0"},
				"east": {"uv": [10.66667, 5.33333, 11.33333, 6.66667], "texture": "#0"},
				"south": {"uv": [6, 10.66667, 6.66667, 12], "texture": "#0"},
				"west": {"uv": [10.66667, 6.66667, 11.33333, 8], "texture": "#0"},
				"up": {"uv": [11.33333, 12.66667, 10.66667, 12], "texture": "#0"},
				"down": {"uv": [13.33333, 2.66667, 12.66667, 3.33333], "texture": "#0"}
			}
		},
		{
			"from": [7.5, 13.65553, 7.85579],
			"to": [8.5, 17.65553, 8.85579],
			"rotation": {"angle": 45, "axis": "x", "origin": [8, 14.65553, 7.95579]},
			"faces": {
				"north": {"uv": [7.33333, 8.66667, 8, 11.33333], "texture": "#0"},
				"east": {"uv": [8.66667, 7.33333, 9.33333, 10], "texture": "#0"},
				"south": {"uv": [9.33333, 7.33333, 10, 10], "texture": "#0"},
				"west": {"uv": [10, 2.66667, 10.66667, 5.33333], "texture": "#0"},
				"up": {"uv": [4.66667, 13.33333, 4, 12.66667], "texture": "#0"},
				"down": {"uv": [5.33333, 12.66667, 4.66667, 13.33333], "texture": "#0"}
			}
		},
		{
			"from": [7.62, 16.82099, 10.0505],
			"to": [8.38, 17.58099, 13.0905],
			"rotation": {"angle": -22.5, "axis": "x", "origin": [8, 17.15099, 12.0455]},
			"faces": {
				"north": {"uv": [8, 12.66667, 8.5, 13.16667], "texture": "#0"},
				"east": {"uv": [9.33333, 10, 11.33333, 10.5], "texture": "#0"},
				"south": {"uv": [12.66667, 8.66667, 13.16667, 9.16667], "texture": "#0"},
				"west": {"uv": [10.66667, 2.66667, 12.66667, 3.16667], "texture": "#0"},
				"up": {"uv": [9.83333, 4.66667, 9.33333, 2.66667], "texture": "#0"},
				"down": {"uv": [11.16667, 3.33333, 10.66667, 5.33333], "texture": "#0"}
			}
		},
		{
			"from": [7.72, 13.24765, 10.27289],
			"to": [8.28, 16.28765, 11.03289],
			"rotation": {"angle": 45, "axis": "x", "origin": [8, 15.16765, 12.35289]},
			"faces": {
				"north": {"uv": [8.66667, 11.33333, 9, 13.33333], "texture": "#0"},
				"east": {"uv": [4, 10.66667, 4.5, 12.66667], "texture": "#0"},
				"south": {"uv": [12, 6.66667, 12.33333, 8.66667], "texture": "#0"},
				"west": {"uv": [4.66667, 10.66667, 5.16667, 12.66667], "texture": "#0"},
				"up": {"uv": [9.66667, 13.16667, 9.33333, 12.66667], "texture": "#0"},
				"down": {"uv": [13, 9.33333, 12.66667, 9.83333], "texture": "#0"}
			}
		},
		{
			"from": [7.75, 11.72306, 8.22998],
			"to": [8.25, 16.52306, 9.72998],
			"rotation": {"angle": 22.5, "axis": "x", "origin": [7.75, 14.12306, 8.97998]},
			"faces": {
				"north": {"uv": [10, 5.33333, 10.33333, 8.5], "texture": "#0"},
				"east": {"uv": [4, 7.33333, 5, 10.5], "texture": "#0"},
				"south": {"uv": [6.66667, 10, 7, 13.16667], "texture": "#0"},
				"west": {"uv": [5.33333, 7.33333, 6.33333, 10.5], "texture": "#0"},
				"up": {"uv": [7.66667, 13.66667, 7.33333, 12.66667], "texture": "#0"},
				"down": {"uv": [13, 7.33333, 12.66667, 8.33333], "texture": "#0"}
			}
		},
		{
			"from": [7.38, 9.88, 8.18],
			"to": [8.62, 11.12, 9.42],
			"rotation": {"angle": 0, "axis": "y", "origin": [7.38, 3.68, 7.38]},
			"faces": {
				"north": {"uv": [0, 12, 0.83333, 12.83333], "texture": "#0"},
				"east": {"uv": [2.16667, 12, 1.33333, 12.83333], "texture": "#0"},
				"south": {"uv": [2.66667, 12, 3.5, 12.83333], "texture": "#0"},
				"west": {"uv": [12, 3.33333, 12.83333, 4.16667], "texture": "#0"},
				"up": {"uv": [6.16667, 12.83333, 5.33333, 12], "texture": "#0"},
				"down": {"uv": [12.83333, 5.33333, 12, 6.16667], "texture": "#0"}
			}
		},
		{
			"from": [7.5, 12.74132, 5.83447],
			"to": [8.5, 14.74132, 7.83447],
			"rotation": {"angle": 45, "axis": "x", "origin": [7.5, 13.24132, 5.83447]},
			"faces": {
				"north": {"uv": [9.33333, 10.66667, 10, 12], "texture": "#0"},
				"east": {"uv": [8.66667, 4.66667, 10, 6], "texture": "#0"},
				"south": {"uv": [10, 10.66667, 10.66667, 12], "texture": "#0"},
				"west": {"uv": [8.66667, 6, 10, 7.33333], "texture": "#0"},
				"up": {"uv": [11.33333, 12, 10.66667, 10.66667], "texture": "#0"},
				"down": {"uv": [12, 3.33333, 11.33333, 4.66667], "texture": "#0"}
			}
		},
		{
			"from": [7.5, 20.74132, 7.03447],
			"to": [8.5, 21.74132, 9.03447],
			"rotation": {"angle": 45, "axis": "x", "origin": [7.5, 13.24132, 5.83447]},
			"faces": {
				"north": {"uv": [12.66667, 4.66667, 13.33333, 5.33333], "texture": "#0"},
				"east": {"uv": [10.66667, 8, 12, 8.66667], "texture": "#0"},
				"south": {"uv": [12.66667, 6.66667, 13.33333, 7.33333], "texture": "#0"},
				"west": {"uv": [11.33333, 4.66667, 12.66667, 5.33333], "texture": "#0"},
				"up": {"uv": [12, 6.66667, 11.33333, 5.33333], "texture": "#0"},
				"down": {"uv": [12, 6.66667, 11.33333, 8], "texture": "#0"}
			}
		},
		{
			"from": [7.35, 12.94132, 6.03447],
			"to": [8.65, 14.54132, 7.63447],
			"rotation": {"angle": 45, "axis": "x", "origin": [7.65, 13.24132, 5.83447]},
			"faces": {
				"north": {"uv": [7.33333, 11.33333, 8.16667, 12.33333], "texture": "#0"},
				"east": {"uv": [8, 10, 9, 11], "texture": "#0"},
				"south": {"uv": [11.33333, 8.66667, 12.16667, 9.66667], "texture": "#0"},
				"west": {"uv": [10, 8.66667, 11, 9.66667], "texture": "#0"},
				"up": {"uv": [12.16667, 11, 11.33333, 10], "texture": "#0"},
				"down": {"uv": [12.16667, 11.33333, 11.33333, 12.33333], "texture": "#0"}
			}
		},
		{
			"from": [8, 9.6, 0.2],
			"to": [8, 12.6, 8.2],
			"rotation": {"angle": 0, "axis": "y", "origin": [0, -0.5, 0]},
			"faces": {
				"north": {"uv": [0, 0, 0, 2], "texture": "#0"},
				"east": {"uv": [9.33333, 2.66667, 4, 4.66667], "texture": "#0"},
				"south": {"uv": [0, 0, 0, 2], "texture": "#0"},
				"west": {"uv": [4, 2.66667, 9.33333, 4.66667], "texture": "#0"},
				"up": {"uv": [0, 5.33333, 0, 0], "texture": "#0"},
				"down": {"uv": [0, 0, 0, 5.33333], "texture": "#0"}
			}
		},
		{
			"from": [8, 14.5, 3.7],
			"to": [8, 16.5, 9.7],
			"rotation": {"angle": 0, "axis": "y", "origin": [0, -0.5, 0]},
			"faces": {
				"north": {"uv": [0, 0, 0, 1.33333], "texture": "#0"},
				"east": {"uv": [0, 0, 4, 1.33333], "texture": "#0"},
				"south": {"uv": [0, 0, 0, 1.33333], "texture": "#0"},
				"west": {"uv": [4, 4.66667, 8, 6], "texture": "#0"},
				"up": {"uv": [0, 4, 0, 0], "texture": "#0"},
				"down": {"uv": [0, 0, 0, 4], "texture": "#0"}
			}
		},
		{
			"from": [8, 18.1, 10.2],
			"to": [8, 20.1, 15.2],
			"rotation": {"angle": -22.5, "axis": "x", "origin": [8, 18.5, 14]},
			"faces": {
				"north": {"uv": [0, 0, 0, 1.33333], "texture": "#0"},
				"east": {"uv": [7.33333, 6, 4, 7.33333], "texture": "#0"},
				"south": {"uv": [0, 0, 0, 1.33333], "texture": "#0"},
				"west": {"uv": [4, 6, 7.33333, 7.33333], "texture": "#0"},
				"up": {"uv": [0, 3.33333, 0, 0], "texture": "#0"},
				"down": {"uv": [0, 0, 0, 3.33333], "texture": "#0"}
			}
		},
		{
			"from": [7.38, 4.88, 8.18],
			"to": [8.62, 6.12, 9.42],
			"rotation": {"angle": 0, "axis": "y", "origin": [7.38, 12.32, 7.38]},
			"faces": {
				"north": {"uv": [0, 12.83333, 0.83333, 12], "texture": "#0"},
				"east": {"uv": [2.16667, 12.83333, 1.33333, 12], "texture": "#0"},
				"south": {"uv": [2.66667, 12.83333, 3.5, 12], "texture": "#0"},
				"west": {"uv": [12, 4.16667, 12.83333, 3.33333], "texture": "#0"},
				"up": {"uv": [12.83333, 6.16667, 12, 5.33333], "texture": "#0"},
				"down": {"uv": [6.16667, 12, 5.33333, 12.83333], "texture": "#0"}
			}
		},
		{
			"from": [7.5, 4.02645, 7.60223],
			"to": [8.5, 6.02645, 8.60223],
			"rotation": {"angle": 45, "axis": "x", "origin": [7.5, 4.52645, 7.60223]},
			"faces": {
				"north": {"uv": [5.33333, 12, 6, 10.66667], "texture": "#0"},
				"east": {"uv": [10.66667, 6.66667, 11.33333, 5.33333], "texture": "#0"},
				"south": {"uv": [6, 12, 6.66667, 10.66667], "texture": "#0"},
				"west": {"uv": [10.66667, 8, 11.33333, 6.66667], "texture": "#0"},
				"up": {"uv": [13.33333, 3.33333, 12.66667, 2.66667], "texture": "#0"},
				"down": {"uv": [11.33333, 12, 10.66667, 12.66667], "texture": "#0"}
			}
		},
		{
			"from": [7.35, 1.45868, 6.03447],
			"to": [8.65, 3.05868, 7.63447],
			"rotation": {"angle": -45, "axis": "x", "origin": [7.65, 2.75868, 5.83447]},
			"faces": {
				"north": {"uv": [7.33333, 12.33333, 8.16667, 11.33333], "texture": "#0"},
				"east": {"uv": [8, 11, 9, 10], "texture": "#0"},
				"south": {"uv": [11.33333, 9.66667, 12.16667, 8.66667], "texture": "#0"},
				"west": {"uv": [10, 9.66667, 11, 8.66667], "texture": "#0"},
				"up": {"uv": [12.16667, 12.33333, 11.33333, 11.33333], "texture": "#0"},
				"down": {"uv": [12.16667, 10, 11.33333, 11], "texture": "#0"}
			}
		},
		{
			"from": [7.5, 1.25868, 5.83447],
			"to": [8.5, 3.25868, 7.83447],
			"rotation": {"angle": -45, "axis": "x", "origin": [7.5, 2.75868, 5.83447]},
			"faces": {
				"north": {"uv": [9.33333, 12, 10, 10.66667], "texture": "#0"},
				"east": {"uv": [8.66667, 6, 10, 4.66667], "texture": "#0"},
				"south": {"uv": [10, 12, 10.66667, 10.66667], "texture": "#0"},
				"west": {"uv": [8.66667, 7.33333, 10, 6], "texture": "#0"},
				"up": {"uv": [12, 4.66667, 11.33333, 3.33333], "texture": "#0"},
				"down": {"uv": [11.33333, 10.66667, 10.66667, 12], "texture": "#0"}
			}
		},
		{
			"from": [7.5, -1.65553, 7.85579],
			"to": [8.5, 2.34447, 8.85579],
			"rotation": {"angle": -45, "axis": "x", "origin": [8, 1.34447, 7.95579]},
			"faces": {
				"north": {"uv": [7.33333, 11.33333, 8, 8.66667], "texture": "#0"},
				"east": {"uv": [8.66667, 10, 9.33333, 7.33333], "texture": "#0"},
				"south": {"uv": [9.33333, 10, 10, 7.33333], "texture": "#0"},
				"west": {"uv": [10, 5.33333, 10.66667, 2.66667], "texture": "#0"},
				"up": {"uv": [5.33333, 13.33333, 4.66667, 12.66667], "texture": "#0"},
				"down": {"uv": [4.66667, 12.66667, 4, 13.33333], "texture": "#0"}
			}
		},
		{
			"from": [7.75, -0.52306, 8.22998],
			"to": [8.25, 4.27694, 9.72998],
			"rotation": {"angle": -22.5, "axis": "x", "origin": [7.75, 1.87694, 8.97998]},
			"faces": {
				"north": {"uv": [10, 8.5, 10.33333, 5.33333], "texture": "#0"},
				"east": {"uv": [4, 10.5, 5, 7.33333], "texture": "#0"},
				"south": {"uv": [6.66667, 13.16667, 7, 10], "texture": "#0"},
				"west": {"uv": [5.33333, 10.5, 6.33333, 7.33333], "texture": "#0"},
				"up": {"uv": [13, 8.33333, 12.66667, 7.33333], "texture": "#0"},
				"down": {"uv": [7.66667, 12.66667, 7.33333, 13.66667], "texture": "#0"}
			}
		},
		{
			"from": [7.62, -1.58099, 10.0505],
			"to": [8.38, -0.82099, 13.0905],
			"rotation": {"angle": 22.5, "axis": "x", "origin": [8, -1.15099, 12.0455]},
			"faces": {
				"north": {"uv": [8, 13.16667, 8.5, 12.66667], "texture": "#0"},
				"east": {"uv": [9.33333, 10.5, 11.33333, 10], "texture": "#0"},
				"south": {"uv": [12.66667, 9.16667, 13.16667, 8.66667], "texture": "#0"},
				"west": {"uv": [10.66667, 3.16667, 12.66667, 2.66667], "texture": "#0"},
				"up": {"uv": [11.16667, 5.33333, 10.66667, 3.33333], "texture": "#0"},
				"down": {"uv": [9.83333, 2.66667, 9.33333, 4.66667], "texture": "#0"}
			}
		},
		{
			"from": [7.72, -0.28765, 10.27289],
			"to": [8.28, 2.75235, 11.03289],
			"rotation": {"angle": -45, "axis": "x", "origin": [8, 0.83235, 12.35289]},
			"faces": {
				"north": {"uv": [8.66667, 13.33333, 9, 11.33333], "texture": "#0"},
				"east": {"uv": [4, 12.66667, 4.5, 10.66667], "texture": "#0"},
				"south": {"uv": [12, 8.66667, 12.33333, 6.66667], "texture": "#0"},
				"west": {"uv": [4.66667, 12.66667, 5.16667, 10.66667], "texture": "#0"},
				"up": {"uv": [13, 9.83333, 12.66667, 9.33333], "texture": "#0"},
				"down": {"uv": [9.66667, 12.66667, 9.33333, 13.16667], "texture": "#0"}
			}
		},
		{
			"from": [7.5, -5.74132, 7.03447],
			"to": [8.5, -4.74132, 9.03447],
			"rotation": {"angle": -45, "axis": "x", "origin": [7.5, 2.75868, 5.83447]},
			"faces": {
				"north": {"uv": [12.66667, 5.33333, 13.33333, 4.66667], "texture": "#0"},
				"east": {"uv": [10.66667, 8.66667, 12, 8], "texture": "#0"},
				"south": {"uv": [12.66667, 7.33333, 13.33333, 6.66667], "texture": "#0"},
				"west": {"uv": [11.33333, 5.33333, 12.66667, 4.66667], "texture": "#0"},
				"up": {"uv": [12, 8, 11.33333, 6.66667], "texture": "#0"},
				"down": {"uv": [12, 5.33333, 11.33333, 6.66667], "texture": "#0"}
			}
		},
		{
			"from": [8, 3.4, 0.2],
			"to": [8, 6.4, 8.2],
			"rotation": {"angle": 0, "axis": "y", "origin": [0, 16.5, 0]},
			"faces": {
				"north": {"uv": [0, 2, 0, 0], "texture": "#0"},
				"east": {"uv": [9.33333, 4.66667, 4, 2.66667], "texture": "#0"},
				"south": {"uv": [0, 2, 0, 0], "texture": "#0"},
				"west": {"uv": [4, 4.66667, 9.33333, 2.66667], "texture": "#0"},
				"up": {"uv": [0, 5.33333, 0, 0], "texture": "#0"},
				"down": {"uv": [0, 0, 0, 5.33333], "texture": "#0"}
			}
		},
		{
			"from": [8, -0.5, 3.7],
			"to": [8, 1.5, 9.7],
			"rotation": {"angle": 0, "axis": "y", "origin": [0, 16.5, 0]},
			"faces": {
				"north": {"uv": [0, 1.33333, 0, 0], "texture": "#0"},
				"east": {"uv": [0, 1.33333, 4, 0], "texture": "#0"},
				"south": {"uv": [0, 1.33333, 0, 0], "texture": "#0"},
				"west": {"uv": [4, 6, 8, 4.66667], "texture": "#0"},
				"up": {"uv": [0, 4, 0, 0], "texture": "#0"},
				"down": {"uv": [0, 0, 0, 4], "texture": "#0"}
			}
		},
		{
			"from": [8, -4.1, 10.2],
			"to": [8, -2.1, 15.2],
			"rotation": {"angle": 22.5, "axis": "x", "origin": [8, -2.5, 14]},
			"faces": {
				"north": {"uv": [0, 1.33333, 0, 0], "texture": "#0"},
				"east": {"uv": [7.33333, 7.33333, 4, 6], "texture": "#0"},
				"south": {"uv": [0, 1.33333, 0, 0], "texture": "#0"},
				"west": {"uv": [4, 7.33333, 7.33333, 6], "texture": "#0"},
				"up": {"uv": [0, 3.33333, 0, 0], "texture": "#0"},
				"down": {"uv": [0, 0, 0, 3.33333], "texture": "#0"}
			}
		},
		{
			"from": [8, -1, 13.4],
			"to": [8, 17, 19.4],
			"rotation": {"angle": 0, "axis": "y", "origin": [8, 0, 0]},
			"faces": {
				"north": {"uv": [0, 0, 0, 12], "texture": "#0"},
				"east": {"uv": [4, 0, 0, 12], "texture": "#0"},
				"south": {"uv": [0, 0, 0, 12], "texture": "#0"},
				"west": {"uv": [0, 0, 4, 12], "texture": "#0"},
				"up": {"uv": [0, 4, 0, 0], "texture": "#0"},
				"down": {"uv": [0, 0, 0, 4], "texture": "#0"}
			}
		},
		{
			"from": [8, 7.1, 2.5],
			"to": [8, 8.9, 16.5],
			"rotation": {"angle": 45, "axis": "z", "origin": [8, 8, 9.5]},
			"faces": {
				"north": {"uv": [0, 0, 0, 1.16667], "texture": "#0"},
				"east": {"uv": [13.33333, 1.33333, 4, 2.5], "texture": "#0"},
				"south": {"uv": [0, 0, 0, 1.16667], "texture": "#0"},
				"west": {"uv": [4, 1.33333, 13.33333, 2.5], "texture": "#0"},
				"up": {"uv": [0, 9.33333, 0, 0], "texture": "#0"},
				"down": {"uv": [0, 0, 0, 9.33333], "texture": "#0"}
			}
		},
		{
			"from": [8, 7.1, 2.5],
			"to": [8, 8.9, 16.5],
			"rotation": {"angle": -45, "axis": "z", "origin": [8, 8, 9.5]},
			"faces": {
				"north": {"uv": [0, 0, 0, 1.16667], "texture": "#0"},
				"east": {"uv": [13.33333, 1.33333, 4, 2.5], "texture": "#0"},
				"south": {"uv": [0, 0, 0, 1.16667], "texture": "#0"},
				"west": {"uv": [4, 1.33333, 13.33333, 2.5], "texture": "#0"},
				"up": {"uv": [0, 9.33333, 0, 0], "texture": "#0"},
				"down": {"uv": [0, 0, 0, 9.33333], "texture": "#0"}
			}
		},
		{
			"from": [4.5, 10.7, 11],
			"to": [11.5, 17.7, 11],
			"rotation": {"angle": -45, "axis": "x", "origin": [8, 14.4, 8]},
			"faces": {
				"north": {"uv": [14.16667, 0, 0, 14.16667], "texture": "#1"},
				"east": {"uv": [0, 0, 0, 4.66667], "texture": "#1"},
				"south": {"uv": [0, 0, 14.16667, 14.16667], "texture": "#1"},
				"west": {"uv": [0, 0, 0, 4.66667], "texture": "#1"},
				"up": {"uv": [0, 4.66667, 0, 0], "rotation": 270, "texture": "#1"},
				"down": {"uv": [0, 0, 0, 4.66667], "rotation": 90, "texture": "#1"}
			}
		},
		{
			"from": [4.5, -1.7, 11],
			"to": [11.5, 5.3, 11],
			"rotation": {"angle": 45, "axis": "x", "origin": [8, 1.6, 8]},
			"faces": {
				"north": {"uv": [0, 14.16667, 14.16667, 0], "texture": "#1"},
				"east": {"uv": [0, 4.66667, 0, 0], "texture": "#1"},
				"south": {"uv": [14.16667, 14.16667, 0, 0], "texture": "#1"},
				"west": {"uv": [0, 4.66667, 0, 0], "texture": "#1"},
				"up": {"uv": [0, 4.66667, 0, 0], "rotation": 90, "texture": "#1"},
				"down": {"uv": [0, 0, 0, 4.66667], "rotation": 270, "texture": "#1"}
			}
		},
		{
			"from": [4.5, 4.5, 0],
			"to": [11.5, 11.5, 0],
			"rotation": {"angle": 0, "axis": "y", "origin": [8, 8, 8]},
			"faces": {
				"north": {"uv": [0, 14.16667, 14.16667, 0], "texture": "#1"},
				"east": {"uv": [0, 4.66667, 0, 0], "texture": "#1"},
				"south": {"uv": [14.16667, 14.16667, 0, 0], "texture": "#1"},
				"west": {"uv": [0, 4.66667, 0, 0], "texture": "#1"},
				"up": {"uv": [0, 4.66667, 0, 0], "rotation": 90, "texture": "#1"},
				"down": {"uv": [0, 0, 0, 4.66667], "rotation": 270, "texture": "#1"}
			}
		}
	],
	"gui_light": "front",
	"display": {
		"thirdperson_righthand": {
			"translation": [0, -2, 0.5]
		},
		"thirdperson_lefthand": {
			"translation": [0, -2, 0.5]
		},
		"firstperson_righthand": {
			"rotation": [21.69, 33.25, -3.2],
			"translation": [0, 4.25, -0.25],
			"scale": [0.7832, 0.7832, 0.7832]
		},
		"firstperson_lefthand": {
			"rotation": [21.69, 33.25, -3.2],
			"translation": [0, 4.25, -0.25],
			"scale": [0.7832, 0.7832, 0.7832]
		},
		"ground": {
			"rotation": [0, 0, -77],
			"translation": [0, -0.5, 0],
			"scale": [0.8418, 0.8418, 0.8418]
		},
		"gui": {
			"rotation": [90, -45, 90],
			"translation": [1.75, 1.75, 0],
			"scale": [0.66719, 0.66719, 0.66719]
		},
		"head": {
			"scale": [0, 0, 0]
		},
		"fixed": {
			"rotation": [-90, 90, 90],
			"translation": [-3, 0, -2.25],
			"scale": [1.95625, 1.95625, 1.95625]
		}
	}
}