{"credit":"Made with Blockbench","texture_size":[40,40],"textures":{"0":"emissary_set:emissary_set/chest","1":"emissary_set:emissary_set/animation_1-sheet","particle":"emissary_set:emissary_set/chest"},"elements":[{"from":[2,7,2],"to":[14,8,4],"rotation":{"angle":0,"axis":"y","origin":[13,8,3]},"faces":{"north":{"uv":[11.2,1.6,16,2],"texture":"#0"},"east":{"uv":[9.6,12.4,10.4,12.8],"texture":"#0"},"south":{"uv":[11.2,2,16,2.4],"texture":"#0"},"west":{"uv":[11.2,12.4,12,12.8],"texture":"#0"},"up":{"uv":[15.6,8,10.8,7.2],"texture":"#0"},"down":{"uv":[16,0,11.2,0.8],"texture":"#0"}}},{"from":[2,7,12],"to":[14,8,14],"rotation":{"angle":0,"axis":"y","origin":[13,8,13]},"faces":{"north":{"uv":[16,2,11.2,2.4],"texture":"#0"},"east":{"uv":[10.4,12.4,9.6,12.8],"texture":"#0"},"south":{"uv":[16,1.6,11.2,2],"texture":"#0"},"west":{"uv":[12,12.4,11.2,12.8],"texture":"#0"},"up":{"uv":[15.6,7.2,10.8,8],"texture":"#0"},"down":{"uv":[16,0.8,11.2,0],"texture":"#0"}}},{"from":[2,7,4],"to":[4,8,12],"rotation":{"angle":0,"axis":"y","origin":[8,7.5,8]},"faces":{"north":{"uv":[8,12.4,8.8,12.8],"texture":"#0"},"east":{"uv":[11.2,8.4,14.4,8.8],"texture":"#0"},"south":{"uv":[8.8,12.4,9.6,12.8],"texture":"#0"},"west":{"uv":[11.2,8.8,14.4,9.2],"texture":"#0"},"up":{"uv":[2.4,14,1.6,10.8],"texture":"#0"},"down":{"uv":[3.2,10.8,2.4,14],"texture":"#0"}}},{"from":[12,7,4],"to":[14,8,12],"rotation":{"angle":0,"axis":"y","origin":[8,7.5,8]},"faces":{"north":{"uv":[8.8,12.4,8,12.8],"texture":"#0"},"east":{"uv":[14.4,8.8,11.2,9.2],"texture":"#0"},"south":{"uv":[9.6,12.4,8.8,12.8],"texture":"#0"},"west":{"uv":[14.4,8.4,11.2,8.8],"texture":"#0"},"up":{"uv":[1.6,14,2.4,10.8],"texture":"#0"},"down":{"uv":[2.4,10.8,3.2,14],"texture":"#0"}}},{"from":[2.505,10.60104,4],"to":[3.495,11.60104,12],"rotation":{"angle":0,"axis":"x","origin":[2.995,11.10104,10.5]},"faces":{"north":{"uv":[8,12.8,8.4,13.2],"texture":"#0"},"east":{"uv":[11.2,9.2,14.4,9.6],"texture":"#0"},"south":{"uv":[8.4,12.8,8.8,13.2],"texture":"#0"},"west":{"uv":[11.2,9.6,14.4,10],"texture":"#0"},"up":{"uv":[3.6,14,3.2,10.8],"texture":"#0"},"down":{"uv":[4,10.8,3.6,14],"texture":"#0"}}},{"from":[2.5,7.6,3.00523],"to":[3.5,11.6,4.00523],"rotation":{"angle":22.5,"axis":"x","origin":[3,9.1,3.50523]},"faces":{"north":{"uv":[3.6,8,4,9.6],"texture":"#0"},"east":{"uv":[10.4,11.6,10.8,13.2],"texture":"#0"},"south":{"uv":[10.8,11.6,11.2,13.2],"texture":"#0"},"west":{"uv":[12,11.2,12.4,12.8],"texture":"#0"},"up":{"uv":[7.6,13.2,7.2,12.8],"texture":"#0"},"down":{"uv":[8,12.8,7.6,13.2],"texture":"#0"}}},{"from":[2.5,7.6,11.99477],"to":[3.5,11.6,12.99477],"rotation":{"angle":-22.5,"axis":"x","origin":[3,9.1,12.49477]},"faces":{"north":{"uv":[11.2,11.6,10.8,13.2],"texture":"#0"},"east":{"uv":[10.8,11.6,10.4,13.2],"texture":"#0"},"south":{"uv":[4,8,3.6,9.6],"texture":"#0"},"west":{"uv":[12.4,11.2,12,12.8],"texture":"#0"},"up":{"uv":[7.6,12.8,7.2,13.2],"texture":"#0"},"down":{"uv":[8,13.2,7.6,12.8],"texture":"#0"}}},{"from":[12.505,10.60104,4],"to":[13.495,11.60104,12],"rotation":{"angle":0,"axis":"x","origin":[13.005,11.10104,10.5]},"faces":{"north":{"uv":[8.4,12.8,8,13.2],"texture":"#0"},"east":{"uv":[14.4,9.6,11.2,10],"texture":"#0"},"south":{"uv":[8.8,12.8,8.4,13.2],"texture":"#0"},"west":{"uv":[14.4,9.2,11.2,9.6],"texture":"#0"},"up":{"uv":[3.2,14,3.6,10.8],"texture":"#0"},"down":{"uv":[3.6,10.8,4,14],"texture":"#0"}}},{"from":[12.5,7.6,3.00523],"to":[13.5,11.6,4.00523],"rotation":{"angle":22.5,"axis":"x","origin":[13,9.1,3.50523]},"faces":{"north":{"uv":[4,8,3.6,9.6],"texture":"#0"},"east":{"uv":[12.4,11.2,12,12.8],"texture":"#0"},"south":{"uv":[11.2,11.6,10.8,13.2],"texture":"#0"},"west":{"uv":[10.8,11.6,10.4,13.2],"texture":"#0"},"up":{"uv":[7.2,13.2,7.6,12.8],"texture":"#0"},"down":{"uv":[7.6,12.8,8,13.2],"texture":"#0"}}},{"from":[12.5,7.6,11.99477],"to":[13.5,11.6,12.99477],"rotation":{"angle":-22.5,"axis":"x","origin":[13,9.1,12.49477]},"faces":{"north":{"uv":[10.8,11.6,11.2,13.2],"texture":"#0"},"east":{"uv":[12,11.2,12.4,12.8],"texture":"#0"},"south":{"uv":[3.6,8,4,9.6],"texture":"#0"},"west":{"uv":[10.4,11.6,10.8,13.2],"texture":"#0"},"up":{"uv":[7.2,12.8,7.6,13.2],"texture":"#0"},"down":{"uv":[7.6,13.2,8,12.8],"texture":"#0"}}},{"from":[7.79289,11.13211,8.5],"to":[7.79289,11.90711,10.5],"rotation":{"angle":0,"axis":"z","origin":[7.79289,11.40711,10]},"faces":{"north":{"uv":[0,0,0,0.3],"texture":"#0"},"east":{"uv":[4.8,12.8,5.6,13.1],"texture":"#0"},"south":{"uv":[0,0,0,0.3],"texture":"#0"},"west":{"uv":[5.6,12.8,4.8,13.1],"texture":"#0"},"up":{"uv":[0,0.8,0,0],"texture":"#0"},"down":{"uv":[0,0,0,0.8],"texture":"#0"}}},{"from":[2.29389,11.90611,8.5],"to":[7.79389,11.90611,10.5],"rotation":{"angle":0,"axis":"z","origin":[1.79389,11.90611,19]},"faces":{"north":{"uv":[0,0,2.2,0],"texture":"#0"},"east":{"uv":[0,0,0.8,0],"texture":"#0"},"south":{"uv":[0,0,2.2,0],"texture":"#0"},"west":{"uv":[0,0,0.8,0],"texture":"#0"},"up":{"uv":[6.2,10.4,4,9.6],"texture":"#0"},"down":{"uv":[6.2,9.6,4,10.4],"texture":"#0"}}},{"from":[2.29389,9.70711,8.5],"to":[2.29389,11.90711,10.5],"rotation":{"angle":0,"axis":"z","origin":[2.29389,9.20711,19]},"faces":{"north":{"uv":[0,0,0,0.9],"texture":"#0"},"east":{"uv":[6.4,11.6,5.6,12.5],"texture":"#0"},"south":{"uv":[0,0,0,0.9],"texture":"#0"},"west":{"uv":[5.6,11.6,6.4,12.5],"texture":"#0"},"up":{"uv":[0,0.8,0,0],"texture":"#0"},"down":{"uv":[0,0,0,0.8],"texture":"#0"}}},{"from":[2.29389,9.70611,8.5],"to":[2.99389,9.70611,10.5],"rotation":{"angle":0,"axis":"z","origin":[2.79389,9.70611,19]},"faces":{"north":{"uv":[0,0,0.3,0],"texture":"#0"},"east":{"uv":[0,0,0.8,0],"texture":"#0"},"south":{"uv":[0,0,0.3,0],"texture":"#0"},"west":{"uv":[0,0,0.8,0],"texture":"#0"},"up":{"uv":[4.7,13.6,4.4,12.8],"texture":"#0"},"down":{"uv":[4.7,12.8,4.4,13.6],"texture":"#0"}}},{"from":[3.5,7.59962,12.55297],"to":[12.5,11.09962,12.55297],"rotation":{"angle":-22.5,"axis":"x","origin":[12,9.09962,12.05297]},"faces":{"north":{"uv":[7.6,1.6,11.2,3],"texture":"#0"},"east":{"uv":[0,0,0,1.4],"texture":"#0"},"south":{"uv":[7.6,3.2,11.2,4.6],"texture":"#0"},"west":{"uv":[0,0,0,1.4],"texture":"#0"},"up":{"uv":[3.6,0,0,0],"texture":"#0"},"down":{"uv":[3.6,0,0,0],"texture":"#0"}}},{"from":[3,7.6,3.5],"to":[3,11.1,12.5],"rotation":{"angle":0,"axis":"y","origin":[3.5,9.1,4]},"faces":{"north":{"uv":[0,0,0,1.4],"texture":"#0"},"east":{"uv":[7.6,4.8,11.2,6.2],"texture":"#0"},"south":{"uv":[0,0,0,1.4],"texture":"#0"},"west":{"uv":[0,8,3.6,9.4],"texture":"#0"},"up":{"uv":[0,3.6,0,0],"texture":"#0"},"down":{"uv":[0,0,0,3.6],"texture":"#0"}}},{"from":[3.5,11.1381,4.25046],"to":[12.5,11.1381,11.75046],"rotation":{"angle":0,"axis":"x","origin":[12,10.6381,5.75046]},"faces":{"north":{"uv":[0,0,3.6,0],"texture":"#0"},"east":{"uv":[0,0,3,0],"texture":"#0"},"south":{"uv":[0,0,3.6,0],"texture":"#0"},"west":{"uv":[0,0,3,0],"texture":"#0"},"up":{"uv":[7.6,3,4,0],"texture":"#0"},"down":{"uv":[7.6,3.2,4,6.2],"texture":"#0"}}},{"from":[3.5,7.6,3.44703],"to":[12.5,11.1,3.44703],"rotation":{"angle":22.5,"axis":"x","origin":[12,9.1,3.94703]},"faces":{"north":{"uv":[7.2,6.4,10.8,7.8],"texture":"#0"},"east":{"uv":[0,0,0,1.4],"texture":"#0"},"south":{"uv":[7.6,0,11.2,1.4],"texture":"#0"},"west":{"uv":[0,0,0,1.4],"texture":"#0"},"up":{"uv":[3.6,0,0,0],"texture":"#0"},"down":{"uv":[3.6,0,0,0],"texture":"#0"}}},{"from":[13,7.6,3.5],"to":[13,11.1,12.5],"rotation":{"angle":0,"axis":"y","origin":[12.5,9.1,4]},"faces":{"north":{"uv":[0,0,0,1.4],"texture":"#0"},"east":{"uv":[0,8,3.6,9.4],"texture":"#0"},"south":{"uv":[0,0,0,1.4],"texture":"#0"},"west":{"uv":[11.2,4.8,7.6,6.2],"texture":"#0"},"up":{"uv":[0,3.6,0,0],"texture":"#0"},"down":{"uv":[0,0,0,3.6],"texture":"#0"}}},{"from":[13.00611,9.70611,5.5],"to":[13.70611,9.70611,7.5],"rotation":{"angle":0,"axis":"z","origin":[13.20611,9.70611,-3]},"faces":{"north":{"uv":[0,0,0.3,0],"texture":"#0"},"east":{"uv":[0,0,0.8,0],"texture":"#0"},"south":{"uv":[0,0,0.3,0],"texture":"#0"},"west":{"uv":[0,0,0.8,0],"texture":"#0"},"up":{"uv":[4.4,12.8,4.7,13.6],"texture":"#0"},"down":{"uv":[4.4,13.6,4.7,12.8],"texture":"#0"}}},{"from":[13.70611,9.70711,5.5],"to":[13.70611,11.90711,7.5],"rotation":{"angle":0,"axis":"z","origin":[13.70611,9.20711,-3]},"faces":{"north":{"uv":[0,0,0,0.9],"texture":"#0"},"east":{"uv":[5.6,11.6,6.4,12.5],"texture":"#0"},"south":{"uv":[0,0,0,0.9],"texture":"#0"},"west":{"uv":[6.4,11.6,5.6,12.5],"texture":"#0"},"up":{"uv":[0,0,0,0.8],"texture":"#0"},"down":{"uv":[0,0.8,0,0],"texture":"#0"}}},{"from":[8.20711,11.13211,5.5],"to":[8.20711,11.90711,7.5],"rotation":{"angle":0,"axis":"z","origin":[8.20711,11.40711,6]},"faces":{"north":{"uv":[0,0,0,0.3],"texture":"#0"},"east":{"uv":[5.6,12.8,4.8,13.1],"texture":"#0"},"south":{"uv":[0,0,0,0.3],"texture":"#0"},"west":{"uv":[4.8,12.8,5.6,13.1],"texture":"#0"},"up":{"uv":[0,0,0,0.8],"texture":"#0"},"down":{"uv":[0,0.8,0,0],"texture":"#0"}}},{"from":[6.9,5.5,1.6],"to":[9.1,8.5,2.6],"rotation":{"angle":0,"axis":"y","origin":[-0.1,0,0]},"faces":{"north":{"uv":[9.2,13.3,10.1,14.5],"texture":"#0"},"east":{"uv":[7.9,12.9,8.3,14.1],"texture":"#0"},"south":{"uv":[8.3,13.3,9.2,14.5],"texture":"#0"},"west":{"uv":[7.9,14.1,8.3,15.3],"texture":"#0"},"up":{"uv":[8.3,12.9,9.2,13.3],"texture":"#0"},"down":{"uv":[9.2,12.9,10.1,13.3],"texture":"#0"}}},{"from":[8.20611,11.90611,5.5],"to":[13.70611,11.90611,7.5],"rotation":{"angle":0,"axis":"z","origin":[14.20611,11.90611,-3]},"faces":{"north":{"uv":[0,0,2.2,0],"texture":"#0"},"east":{"uv":[0,0,0.8,0],"texture":"#0"},"south":{"uv":[0,0,2.2,0],"texture":"#0"},"west":{"uv":[0,0,0.8,0],"texture":"#0"},"up":{"uv":[4,9.6,6.2,10.4],"texture":"#0"},"down":{"uv":[4,10.4,6.2,9.6],"texture":"#0"}}},{"from":[11.51472,-4,2],"to":[11.51472,-3,4],"rotation":{"angle":-45,"axis":"z","origin":[20,-4,-4]},"faces":{"north":{"uv":[0,0,0,0.4],"texture":"#0"},"east":{"uv":[12.4,11.2,13.2,11.6],"texture":"#0"},"south":{"uv":[0,0,0,0.4],"texture":"#0"},"west":{"uv":[13.2,11.2,12.4,11.6],"texture":"#0"},"up":{"uv":[0.8,0,0,0],"rotation":90,"texture":"#0"},"down":{"uv":[0.8,0,0,0],"rotation":270,"texture":"#0"}}},{"from":[2,0,2],"to":[4,2,4],"rotation":{"angle":0,"axis":"y","origin":[2,0,2]},"faces":{"north":{"uv":[6.4,9.6,7.2,10.4],"texture":"#0"},"east":{"uv":[6.4,11.6,7.2,12.4],"texture":"#0"},"south":{"uv":[7.2,11.6,8,12.4],"texture":"#0"},"west":{"uv":[8,11.6,8.8,12.4],"texture":"#0"},"up":{"uv":[9.6,12.4,8.8,11.6],"texture":"#0"},"down":{"uv":[10.4,11.6,9.6,12.4],"texture":"#0"}}},{"from":[12,0,2],"to":[14,2,4],"rotation":{"angle":0,"axis":"y","origin":[14,0,2]},"faces":{"north":{"uv":[7.2,9.6,6.4,10.4],"texture":"#0"},"east":{"uv":[8.8,11.6,8,12.4],"texture":"#0"},"south":{"uv":[8,11.6,7.2,12.4],"texture":"#0"},"west":{"uv":[7.2,11.6,6.4,12.4],"texture":"#0"},"up":{"uv":[8.8,12.4,9.6,11.6],"texture":"#0"},"down":{"uv":[9.6,11.6,10.4,12.4],"texture":"#0"}}},{"from":[12,0,12],"to":[14,2,14],"rotation":{"angle":0,"axis":"y","origin":[14,0,14]},"faces":{"north":{"uv":[7.2,11.6,8,12.4],"texture":"#0"},"east":{"uv":[8,11.6,8.8,12.4],"texture":"#0"},"south":{"uv":[6.4,9.6,7.2,10.4],"texture":"#0"},"west":{"uv":[6.4,11.6,7.2,12.4],"texture":"#0"},"up":{"uv":[8.8,11.6,9.6,12.4],"texture":"#0"},"down":{"uv":[9.6,12.4,10.4,11.6],"texture":"#0"}}},{"from":[2,0,12],"to":[4,2,14],"rotation":{"angle":0,"axis":"y","origin":[2,0,14]},"faces":{"north":{"uv":[8,11.6,7.2,12.4],"texture":"#0"},"east":{"uv":[7.2,11.6,6.4,12.4],"texture":"#0"},"south":{"uv":[7.2,9.6,6.4,10.4],"texture":"#0"},"west":{"uv":[8.8,11.6,8,12.4],"texture":"#0"},"up":{"uv":[9.6,11.6,8.8,12.4],"texture":"#0"},"down":{"uv":[10.4,12.4,9.6,11.6],"texture":"#0"}}},{"from":[4,2,4],"to":[12,3,12],"rotation":{"angle":0,"axis":"y","origin":[13,2,3]},"faces":{"north":{"uv":[11.2,4.8,14.4,5.2],"texture":"#0"},"east":{"uv":[11.2,5.2,14.4,5.6],"texture":"#0"},"south":{"uv":[11.2,5.6,14.4,6],"texture":"#0"},"west":{"uv":[11.2,6,14.4,6.4],"texture":"#0"},"down":{"uv":[7.2,6.4,4,9.6],"texture":"#0"}}},{"from":[3,3,3],"to":[13,6,13],"rotation":{"angle":0,"axis":"y","origin":[13,3,3]},"faces":{"north":{"uv":[7.2,8,11.2,9.2],"texture":"#0"},"east":{"uv":[7.2,9.2,11.2,10.4],"texture":"#0"},"south":{"uv":[0,9.6,4,10.8],"texture":"#0"},"west":{"uv":[4,10.4,8,11.6],"texture":"#0"},"up":{"uv":[4,4,0,0],"texture":"#0"},"down":{"uv":[4,4,0,8],"texture":"#0"}}},{"from":[2,6,2],"to":[14,7,4],"rotation":{"angle":0,"axis":"y","origin":[13,6,3]},"faces":{"north":{"uv":[11.2,0.8,16,1.2],"texture":"#0"},"east":{"uv":[11.2,10,12,10.4],"texture":"#0"},"south":{"uv":[11.2,1.2,16,1.6],"texture":"#0"},"west":{"uv":[12,10,12.8,10.4],"texture":"#0"},"up":{"uv":[12.8,11.2,8,10.4],"texture":"#0"},"down":{"uv":[15.6,6.4,10.8,7.2],"texture":"#0"}}},{"from":[2,6,12],"to":[14,7,14],"rotation":{"angle":0,"axis":"y","origin":[13,6,13]},"faces":{"north":{"uv":[16,1.2,11.2,1.6],"texture":"#0"},"east":{"uv":[12,10,11.2,10.4],"texture":"#0"},"south":{"uv":[16,0.8,11.2,1.2],"texture":"#0"},"west":{"uv":[12.8,10,12,10.4],"texture":"#0"},"up":{"uv":[12.8,10.4,8,11.2],"texture":"#0"},"down":{"uv":[15.6,7.2,10.8,6.4],"texture":"#0"}}},{"from":[2,6,4],"to":[4,7,12],"rotation":{"angle":0,"axis":"y","origin":[8,6.5,8]},"faces":{"north":{"uv":[6.4,12.4,7.2,12.8],"texture":"#0"},"east":{"uv":[8,11.2,11.2,11.6],"texture":"#0"},"south":{"uv":[7.2,12.4,8,12.8],"texture":"#0"},"west":{"uv":[11.2,8,14.4,8.4],"texture":"#0"},"up":{"uv":[0.8,14,0,10.8],"texture":"#0"},"down":{"uv":[1.6,10.8,0.8,14],"texture":"#0"}}},{"from":[12,6,4],"to":[14,7,12],"rotation":{"angle":0,"axis":"y","origin":[8,6.5,8]},"faces":{"north":{"uv":[7.2,12.4,6.4,12.8],"texture":"#0"},"east":{"uv":[14.4,8,11.2,8.4],"texture":"#0"},"south":{"uv":[8,12.4,7.2,12.8],"texture":"#0"},"west":{"uv":[11.2,11.2,8,11.6],"texture":"#0"},"up":{"uv":[0,14,0.8,10.8],"texture":"#0"},"down":{"uv":[0.8,10.8,1.6,14],"texture":"#0"}}},{"from":[4,1,3],"to":[12,2,4],"rotation":{"angle":0,"axis":"y","origin":[8,1.5,8]},"faces":{"north":{"uv":[11.2,3.2,14.4,3.6],"texture":"#0"},"east":{"uv":[6.4,12.8,6.8,13.2],"texture":"#0"},"south":{"uv":[11.2,3.6,14.4,4],"texture":"#0"},"west":{"uv":[6.8,12.8,7.2,13.2],"texture":"#0"},"up":{"uv":[14.4,4.4,11.2,4],"texture":"#0"},"down":{"uv":[14.4,4.4,11.2,4.8],"texture":"#0"}}},{"from":[4,1,12],"to":[12,2,13],"rotation":{"angle":0,"axis":"y","origin":[8,1.5,8]},"faces":{"north":{"uv":[14.4,3.6,11.2,4],"texture":"#0"},"east":{"uv":[6.8,12.8,6.4,13.2],"texture":"#0"},"south":{"uv":[14.4,3.2,11.2,3.6],"texture":"#0"},"west":{"uv":[7.2,12.8,6.8,13.2],"texture":"#0"},"up":{"uv":[14.4,4,11.2,4.4],"texture":"#0"},"down":{"uv":[14.4,4.8,11.2,4.4],"texture":"#0"}}},{"from":[12,1,4],"to":[13,2,12],"rotation":{"angle":0,"axis":"y","origin":[8,1.5,8]},"faces":{"north":{"uv":[6.8,12.8,7.2,13.2],"texture":"#0"},"east":{"uv":[11.2,3.2,14.4,3.6],"texture":"#0"},"south":{"uv":[6.4,12.8,6.8,13.2],"texture":"#0"},"west":{"uv":[11.2,3.6,14.4,4],"texture":"#0"},"up":{"uv":[14.4,4.4,11.2,4],"rotation":90,"texture":"#0"},"down":{"uv":[14.4,4.4,11.2,4.8],"rotation":270,"texture":"#0"}}},{"from":[3,1,4],"to":[4,2,12],"rotation":{"angle":0,"axis":"y","origin":[8,1.5,8]},"faces":{"north":{"uv":[7.2,12.8,6.8,13.2],"texture":"#0"},"east":{"uv":[14.4,3.6,11.2,4],"texture":"#0"},"south":{"uv":[6.8,12.8,6.4,13.2],"texture":"#0"},"west":{"uv":[14.4,3.2,11.2,3.6],"texture":"#0"},"up":{"uv":[14.4,4,11.2,4.4],"rotation":90,"texture":"#0"},"down":{"uv":[14.4,4.8,11.2,4.4],"rotation":270,"texture":"#0"}}},{"from":[2,-4.00071,4.48457],"to":[4,-3.00071,4.48457],"rotation":{"angle":-45,"axis":"x","origin":[-4,-4.00071,-4.00071]},"faces":{"north":{"uv":[12.4,11.2,13.2,11.6],"texture":"#0"},"east":{"uv":[0,0,0,0.4],"texture":"#0"},"south":{"uv":[13.2,11.2,12.4,11.6],"texture":"#0"},"west":{"uv":[0,0,0,0.4],"texture":"#0"},"up":{"uv":[0.8,0,0,0],"texture":"#0"},"down":{"uv":[0.8,0,0,0],"texture":"#0"}}},{"from":[2,6.05925,1.14645],"to":[4,6.05925,2.14645],"rotation":{"angle":-45,"axis":"x","origin":[3,6.05925,1.64645]},"faces":{"north":{"uv":[0,0,0.8,0],"texture":"#0"},"east":{"uv":[0,0,0.4,0],"texture":"#0"},"south":{"uv":[0,0,0.8,0],"texture":"#0"},"west":{"uv":[0,0,0.4,0],"texture":"#0"},"up":{"uv":[13.2,12.4,12.4,12],"texture":"#0"},"down":{"uv":[13.2,12,12.4,12.4],"texture":"#0"}}},{"from":[2,2.7064,1.29219],"to":[4,5.7064,1.29219],"rotation":{"angle":0,"axis":"x","origin":[3,3.2064,1.29219]},"faces":{"north":{"uv":[11.2,11.2,12,12.4],"texture":"#0"},"east":{"uv":[0,0,0,1.2],"texture":"#0"},"south":{"uv":[12,11.2,11.2,12.4],"texture":"#0"},"west":{"uv":[0,0,0,1.2],"texture":"#0"},"up":{"uv":[0.8,0,0,0],"texture":"#0"},"down":{"uv":[0.8,0,0,0],"texture":"#0"}}},{"from":[12,6.05925,1.14645],"to":[14,6.05925,2.14645],"rotation":{"angle":-45,"axis":"x","origin":[13,6.05925,1.64645]},"faces":{"north":{"uv":[0.8,0,0,0],"texture":"#0"},"east":{"uv":[0.4,0,0,0],"texture":"#0"},"south":{"uv":[0.8,0,0,0],"texture":"#0"},"west":{"uv":[0.4,0,0,0],"texture":"#0"},"up":{"uv":[12.4,12.4,13.2,12],"texture":"#0"},"down":{"uv":[12.4,12,13.2,12.4],"texture":"#0"}}},{"from":[12,2.7064,1.29219],"to":[14,5.7064,1.29219],"rotation":{"angle":0,"axis":"x","origin":[13,3.2064,1.29219]},"faces":{"north":{"uv":[12,11.2,11.2,12.4],"texture":"#0"},"east":{"uv":[0,0,0,1.2],"texture":"#0"},"south":{"uv":[11.2,11.2,12,12.4],"texture":"#0"},"west":{"uv":[0,0,0,1.2],"texture":"#0"},"up":{"uv":[0,0,0.8,0],"texture":"#0"},"down":{"uv":[0,0,0.8,0],"texture":"#0"}}},{"from":[12,-4.00071,4.48457],"to":[14,-3.00071,4.48457],"rotation":{"angle":-45,"axis":"x","origin":[20,-4.00071,-4.00071]},"faces":{"north":{"uv":[13.2,11.2,12.4,11.6],"texture":"#0"},"east":{"uv":[0,0,0,0.4],"texture":"#0"},"south":{"uv":[12.4,11.2,13.2,11.6],"texture":"#0"},"west":{"uv":[0,0,0,0.4],"texture":"#0"},"up":{"uv":[0,0,0.8,0],"texture":"#0"},"down":{"uv":[0,0,0.8,0],"texture":"#0"}}},{"from":[12,6.05925,13.85355],"to":[14,6.05925,14.85355],"rotation":{"angle":45,"axis":"x","origin":[13,6.05925,14.35355]},"faces":{"north":{"uv":[0,0,0.8,0],"texture":"#0"},"east":{"uv":[0,0,0.4,0],"texture":"#0"},"south":{"uv":[0,0,0.8,0],"texture":"#0"},"west":{"uv":[0,0,0.4,0],"texture":"#0"},"up":{"uv":[12.4,12,13.2,12.4],"texture":"#0"},"down":{"uv":[12.4,12.4,13.2,12],"texture":"#0"}}},{"from":[12,2.7064,14.70781],"to":[14,5.7064,14.70781],"rotation":{"angle":0,"axis":"x","origin":[13,3.2064,14.70781]},"faces":{"north":{"uv":[12,11.2,11.2,12.4],"texture":"#0"},"east":{"uv":[0,0,0,1.2],"texture":"#0"},"south":{"uv":[11.2,11.2,12,12.4],"texture":"#0"},"west":{"uv":[0,0,0,1.2],"texture":"#0"},"up":{"uv":[0,0,0.8,0],"texture":"#0"},"down":{"uv":[0,0,0.8,0],"texture":"#0"}}},{"from":[12,-4.00071,11.51543],"to":[14,-3.00071,11.51543],"rotation":{"angle":45,"axis":"x","origin":[20,-4.00071,20.00071]},"faces":{"north":{"uv":[13.2,11.2,12.4,11.6],"texture":"#0"},"east":{"uv":[0,0,0,0.4],"texture":"#0"},"south":{"uv":[12.4,11.2,13.2,11.6],"texture":"#0"},"west":{"uv":[0,0,0,0.4],"texture":"#0"},"up":{"uv":[0,0,0.8,0],"texture":"#0"},"down":{"uv":[0,0,0.8,0],"texture":"#0"}}},{"from":[2,6.05925,13.85355],"to":[4,6.05925,14.85355],"rotation":{"angle":45,"axis":"x","origin":[3,6.05925,14.35355]},"faces":{"north":{"uv":[0.8,0,0,0],"texture":"#0"},"east":{"uv":[0.4,0,0,0],"texture":"#0"},"south":{"uv":[0.8,0,0,0],"texture":"#0"},"west":{"uv":[0.4,0,0,0],"texture":"#0"},"up":{"uv":[13.2,12,12.4,12.4],"texture":"#0"},"down":{"uv":[13.2,12.4,12.4,12],"texture":"#0"}}},{"from":[2,2.7064,14.70781],"to":[4,5.7064,14.70781],"rotation":{"angle":0,"axis":"x","origin":[3,3.2064,14.70781]},"faces":{"north":{"uv":[11.2,11.2,12,12.4],"texture":"#0"},"east":{"uv":[0,0,0,1.2],"texture":"#0"},"south":{"uv":[12,11.2,11.2,12.4],"texture":"#0"},"west":{"uv":[0,0,0,1.2],"texture":"#0"},"up":{"uv":[0.8,0,0,0],"texture":"#0"},"down":{"uv":[0.8,0,0,0],"texture":"#0"}}},{"from":[2,-4.00071,11.51543],"to":[4,-3.00071,11.51543],"rotation":{"angle":45,"axis":"x","origin":[-4,-4.00071,20.00071]},"faces":{"north":{"uv":[12.4,11.2,13.2,11.6],"texture":"#0"},"east":{"uv":[0,0,0,0.4],"texture":"#0"},"south":{"uv":[13.2,11.2,12.4,11.6],"texture":"#0"},"west":{"uv":[0,0,0,0.4],"texture":"#0"},"up":{"uv":[0.8,0,0,0],"texture":"#0"},"down":{"uv":[0.8,0,0,0],"texture":"#0"}}},{"from":[1.14716,6.05996,12],"to":[2.14716,6.05996,14],"rotation":{"angle":45,"axis":"z","origin":[1.64716,6.05996,13]},"faces":{"north":{"uv":[0,0,0.4,0],"texture":"#0"},"east":{"uv":[0,0,0.8,0],"texture":"#0"},"south":{"uv":[0,0,0.4,0],"texture":"#0"},"west":{"uv":[0,0,0.8,0],"texture":"#0"},"up":{"uv":[12.4,12,13.2,12.4],"rotation":90,"texture":"#0"},"down":{"uv":[12.4,12.4,13.2,12],"rotation":270,"texture":"#0"}}},{"from":[1.2929,2.70711,12],"to":[1.2929,5.70711,14],"rotation":{"angle":0,"axis":"x","origin":[1.2929,3.20711,13]},"faces":{"north":{"uv":[0,0,0,1.2],"texture":"#0"},"east":{"uv":[12,11.2,11.2,12.4],"texture":"#0"},"south":{"uv":[0,0,0,1.2],"texture":"#0"},"west":{"uv":[11.2,11.2,12,12.4],"texture":"#0"},"up":{"uv":[0,0,0.8,0],"rotation":90,"texture":"#0"},"down":{"uv":[0,0,0.8,0],"rotation":270,"texture":"#0"}}},{"from":[4.48528,-4,12],"to":[4.48528,-3,14],"rotation":{"angle":45,"axis":"z","origin":[-4,-4,20]},"faces":{"north":{"uv":[0,0,0,0.4],"texture":"#0"},"east":{"uv":[13.2,11.2,12.4,11.6],"texture":"#0"},"south":{"uv":[0,0,0,0.4],"texture":"#0"},"west":{"uv":[12.4,11.2,13.2,11.6],"texture":"#0"},"up":{"uv":[0,0,0.8,0],"rotation":90,"texture":"#0"},"down":{"uv":[0,0,0.8,0],"rotation":270,"texture":"#0"}}},{"from":[1.14716,6.05996,2],"to":[2.14716,6.05996,4],"rotation":{"angle":45,"axis":"z","origin":[1.64716,6.05996,3]},"faces":{"north":{"uv":[0.4,0,0,0],"texture":"#0"},"east":{"uv":[0.8,0,0,0],"texture":"#0"},"south":{"uv":[0.4,0,0,0],"texture":"#0"},"west":{"uv":[0.8,0,0,0],"texture":"#0"},"up":{"uv":[13.2,12,12.4,12.4],"rotation":90,"texture":"#0"},"down":{"uv":[13.2,12.4,12.4,12],"rotation":270,"texture":"#0"}}},{"from":[1.2929,2.70711,2],"to":[1.2929,5.70711,4],"rotation":{"angle":0,"axis":"x","origin":[1.2929,3.20711,3]},"faces":{"north":{"uv":[0,0,0,1.2],"texture":"#0"},"east":{"uv":[11.2,11.2,12,12.4],"texture":"#0"},"south":{"uv":[0,0,0,1.2],"texture":"#0"},"west":{"uv":[12,11.2,11.2,12.4],"texture":"#0"},"up":{"uv":[0.8,0,0,0],"rotation":90,"texture":"#0"},"down":{"uv":[0.8,0,0,0],"rotation":270,"texture":"#0"}}},{"from":[4.48528,-4,2],"to":[4.48528,-3,4],"rotation":{"angle":45,"axis":"z","origin":[-4,-4,-4]},"faces":{"north":{"uv":[0,0,0,0.4],"texture":"#0"},"east":{"uv":[12.4,11.2,13.2,11.6],"texture":"#0"},"south":{"uv":[0,0,0,0.4],"texture":"#0"},"west":{"uv":[13.2,11.2,12.4,11.6],"texture":"#0"},"up":{"uv":[0.8,0,0,0],"rotation":90,"texture":"#0"},"down":{"uv":[0.8,0,0,0],"rotation":270,"texture":"#0"}}},{"from":[13.85284,6.05996,12],"to":[14.85284,6.05996,14],"rotation":{"angle":-45,"axis":"z","origin":[14.35284,6.05996,13]},"faces":{"north":{"uv":[0.4,0,0,0],"texture":"#0"},"east":{"uv":[0.8,0,0,0],"texture":"#0"},"south":{"uv":[0.4,0,0,0],"texture":"#0"},"west":{"uv":[0.8,0,0,0],"texture":"#0"},"up":{"uv":[12.4,12.4,13.2,12],"rotation":90,"texture":"#0"},"down":{"uv":[12.4,12,13.2,12.4],"rotation":270,"texture":"#0"}}},{"from":[14.7071,2.70711,12],"to":[14.7071,5.70711,14],"rotation":{"angle":0,"axis":"x","origin":[14.7071,3.20711,13]},"faces":{"north":{"uv":[0,0,0,1.2],"texture":"#0"},"east":{"uv":[12,11.2,11.2,12.4],"texture":"#0"},"south":{"uv":[0,0,0,1.2],"texture":"#0"},"west":{"uv":[11.2,11.2,12,12.4],"texture":"#0"},"up":{"uv":[0,0,0.8,0],"rotation":90,"texture":"#0"},"down":{"uv":[0,0,0.8,0],"rotation":270,"texture":"#0"}}},{"from":[11.51472,-4,12],"to":[11.51472,-3,14],"rotation":{"angle":-45,"axis":"z","origin":[20,-4,20]},"faces":{"north":{"uv":[0,0,0,0.4],"texture":"#0"},"east":{"uv":[13.2,11.2,12.4,11.6],"texture":"#0"},"south":{"uv":[0,0,0,0.4],"texture":"#0"},"west":{"uv":[12.4,11.2,13.2,11.6],"texture":"#0"},"up":{"uv":[0,0,0.8,0],"rotation":90,"texture":"#0"},"down":{"uv":[0,0,0.8,0],"rotation":270,"texture":"#0"}}},{"from":[13.85284,6.05996,2],"to":[14.85284,6.05996,4],"rotation":{"angle":-45,"axis":"z","origin":[14.35284,6.05996,3]},"faces":{"north":{"uv":[0,0,0.4,0],"texture":"#0"},"east":{"uv":[0,0,0.8,0],"texture":"#0"},"south":{"uv":[0,0,0.4,0],"texture":"#0"},"west":{"uv":[0,0,0.8,0],"texture":"#0"},"up":{"uv":[13.2,12.4,12.4,12],"rotation":90,"texture":"#0"},"down":{"uv":[13.2,12,12.4,12.4],"rotation":270,"texture":"#0"}}},{"from":[14.7071,2.70711,2],"to":[14.7071,5.70711,4],"rotation":{"angle":0,"axis":"x","origin":[14.7071,3.20711,3]},"faces":{"north":{"uv":[0,0,0,1.2],"texture":"#0"},"east":{"uv":[11.2,11.2,12,12.4],"texture":"#0"},"south":{"uv":[0,0,0,1.2],"texture":"#0"},"west":{"uv":[12,11.2,11.2,12.4],"texture":"#0"},"up":{"uv":[0.8,0,0,0],"rotation":90,"texture":"#0"},"down":{"uv":[0.8,0,0,0],"rotation":270,"texture":"#0"}}},{"from":[4.5,3.5,1.5],"to":[11.5,10.5,1.5],"rotation":{"angle":0,"axis":"y","origin":[4.5,3.5,1.5]},"faces":{"north":{"uv":[0,0,14,13.95],"texture":"#1"},"east":{"uv":[0,0,0,2.8],"texture":"#1"},"south":{"uv":[14,0,0,13.95],"texture":"#1"},"west":{"uv":[0,0,0,2.8],"texture":"#1"},"up":{"uv":[0,0,2.8,0],"texture":"#1"},"down":{"uv":[0,0,2.8,0],"texture":"#1"}}}],"gui_light":"front","display":{"thirdperson_righthand":{"rotation":[55,0,0],"translation":[0,3.25,1.25],"scale":[0.64648,0.64648,0.64648]},"thirdperson_lefthand":{"rotation":[55,0,0],"translation":[0,3.25,1.25],"scale":[0.64648,0.64648,0.64648]},"firstperson_righthand":{"rotation":[24,-180,0],"translation":[-9,7.25,-3]},"firstperson_lefthand":{"rotation":[24,-180,0],"translation":[-9,7.25,-3]},"ground":{"translation":[0,4,0],"scale":[0.76172,0.76172,0.76172]},"gui":{"rotation":[35,140,0],"translation":[0,1,0],"scale":[0.71875,0.71875,0.71875]},"head":{"translation":[0,-23,0],"scale":[2.5,2.5,2.5]},"fixed":{"rotation":[-90,0,0],"translation":[0,0,-22.5],"scale":[3,3,3]}}}