{"credit":"Made with Blockbench","texture_size":[20,20],"textures":{"0":"emissary_set:emissary_set/crossbow","1":"emissary_set:emissary_set/animation_1-sheet","particle":"emissary_set:emissary_set/crossbow"},"elements":[{"from":[7.5,7.5,1.83449],"to":[8.5,8.5,6.83449],"rotation":{"angle":0,"axis":"y","origin":[12.43963,7.80852,7.25092]},"faces":{"north":{"uv":[7.2,4,8,4.8],"texture":"#0"},"east":{"uv":[7.2,4.8,11.2,5.6],"texture":"#0"},"south":{"uv":[13.6,7.2,14.4,8],"texture":"#0"},"west":{"uv":[8.8,0,12.8,0.8],"texture":"#0"},"up":{"uv":[3.2,12,2.4,8],"texture":"#0"},"down":{"uv":[4,8,3.2,12],"texture":"#0"}}},{"from":[8.43131,10.79474,1.85949],"to":[9.43131,12.99474,2.85949],"rotation":{"angle":45,"axis":"z","origin":[12.43963,7.80852,7.25092]},"faces":{"north":{"uv":[11.2,4,12,5.8],"texture":"#0"},"east":{"uv":[11.2,6.4,12,8.2],"texture":"#0"},"south":{"uv":[11.2,8.8,12,10.6],"texture":"#0"},"west":{"uv":[11.2,11.2,12,13],"texture":"#0"},"up":{"uv":[13.6,14.4,12.8,13.6],"texture":"#0"},"down":{"uv":[14.4,12.8,13.6,13.6],"texture":"#0"}}},{"from":[4.44522,8.34853,1.88449],"to":[6.64522,9.34853,2.83449],"rotation":{"angle":0,"axis":"z","origin":[12.43963,7.80852,7.25092]},"faces":{"north":{"uv":[12,0.8,13.8,1.6],"texture":"#0"},"east":{"uv":[13.6,13.6,14.4,14.4],"texture":"#0"},"south":{"uv":[12,1.6,13.8,2.4],"texture":"#0"},"west":{"uv":[0,14.4,0.8,15.2],"texture":"#0"},"up":{"uv":[4.2,12.8,2.4,12],"texture":"#0"},"down":{"uv":[13.8,4,12,4.8],"texture":"#0"}}},{"from":[7.5,6.5,1.83449],"to":[8.5,7.5,3.83449],"rotation":{"angle":0,"axis":"y","origin":[12.43963,7.80852,7.25092]},"faces":{"north":{"uv":[13.6,8,14.4,8.8],"texture":"#0"},"east":{"uv":[0,12,1.6,12.8],"texture":"#0"},"south":{"uv":[13.6,8.8,14.4,9.6],"texture":"#0"},"west":{"uv":[12,4.8,13.6,5.6],"texture":"#0"},"up":{"uv":[11.2,7.2,10.4,5.6],"texture":"#0"},"down":{"uv":[5.6,12,4.8,13.6],"texture":"#0"}}},{"from":[7.5,7.1,6.83449],"to":[8.5,8.5,8.83449],"rotation":{"angle":0,"axis":"y","origin":[12.43963,7.80852,7.25092]},"faces":{"north":{"uv":[12.8,7.2,13.6,8.4],"texture":"#0"},"east":{"uv":[8.8,5.6,10.4,6.8],"texture":"#0"},"south":{"uv":[8,12.8,8.8,14],"texture":"#0"},"west":{"uv":[7.2,8.8,8.8,10],"texture":"#0"},"up":{"uv":[12.8,7.2,12,5.6],"texture":"#0"},"down":{"uv":[12.8,7.2,12,8.8],"texture":"#0"}}},{"from":[7.55,4.49933,7.17619],"to":[8.45,7.09933,8.07619],"rotation":{"angle":-22.5,"axis":"x","origin":[12.43963,7.80852,7.25092]},"faces":{"north":{"uv":[7.2,10.4,8,12.4],"texture":"#0"},"east":{"uv":[8,10.4,8.8,12.4],"texture":"#0"},"south":{"uv":[10.4,8,11.2,10],"texture":"#0"},"west":{"uv":[8.8,10.4,9.6,12.4],"texture":"#0"},"up":{"uv":[12,14.4,11.2,13.6],"texture":"#0"},"down":{"uv":[14.4,11.2,13.6,12],"texture":"#0"}}},{"from":[7.5,4.56704,8.22974],"to":[8.5,5.06704,9.32974],"rotation":{"angle":0,"axis":"x","origin":[12.43963,7.80852,7.25092]},"faces":{"north":{"uv":[4,14.4,4.8,14.8],"texture":"#0"},"east":{"uv":[14.4,4,15.2,4.4],"texture":"#0"},"south":{"uv":[4.8,14.4,5.6,14.8],"texture":"#0"},"west":{"uv":[5.6,14.4,6.4,14.8],"texture":"#0"},"up":{"uv":[12.8,14.4,12,13.6],"texture":"#0"},"down":{"uv":[14.4,12,13.6,12.8],"texture":"#0"}}},{"from":[7.5,7.565,8.83449],"to":[8.5,8.5,11.83449],"rotation":{"angle":0,"axis":"y","origin":[12.43963,7.80852,7.25092]},"faces":{"north":{"uv":[10.4,13.6,11.2,14.4],"texture":"#0"},"east":{"uv":[8.8,4,11.2,4.8],"texture":"#0"},"south":{"uv":[13.6,10.4,14.4,11.2],"texture":"#0"},"west":{"uv":[8.8,7.2,11.2,8],"texture":"#0"},"up":{"uv":[9.6,10.4,8.8,8],"texture":"#0"},"down":{"uv":[10.4,8,9.6,10.4],"texture":"#0"}}},{"from":[7.5125,7.30064,8.59409],"to":[8.4875,9.30064,14.59409],"rotation":{"angle":22.5,"axis":"x","origin":[12.43963,7.80852,7.25092]},"faces":{"north":{"uv":[12,8.8,12.8,10.4],"texture":"#0"},"east":{"uv":[4,5.6,8.8,7.2],"texture":"#0"},"south":{"uv":[12,10.4,12.8,12],"texture":"#0"},"west":{"uv":[4,7.2,8.8,8.8],"texture":"#0"},"up":{"uv":[8.8,4.8,8,0],"texture":"#0"},"down":{"uv":[2.4,8,1.6,12.8],"texture":"#0"}}},{"from":[7.6,9.30064,11.21909],"to":[8.4,10.10064,14.51909],"rotation":{"angle":22.5,"axis":"x","origin":[12.43963,7.80852,7.25092]},"faces":{"north":{"uv":[2.4,14.4,3,15],"texture":"#0"},"east":{"uv":[10.4,2.4,13,3],"texture":"#0"},"south":{"uv":[14.4,2.4,15,3],"texture":"#0"},"west":{"uv":[10.4,3.2,13,3.8],"texture":"#0"},"up":{"uv":[10.2,13,9.6,10.4],"texture":"#0"},"down":{"uv":[11,10.4,10.4,13],"texture":"#0"}}},{"from":[7.505,9.29904,3.90988],"to":[8.495,10.29904,5.33488],"rotation":{"angle":-45,"axis":"x","origin":[12.43963,7.80852,7.25092]},"faces":{"north":{"uv":[9.6,13.6,10.4,14.4],"texture":"#0"},"east":{"uv":[12.8,0,14,0.8],"texture":"#0"},"south":{"uv":[13.6,9.6,14.4,10.4],"texture":"#0"},"west":{"uv":[5.6,12.8,6.8,13.6],"texture":"#0"},"up":{"uv":[13.6,6.8,12.8,5.6],"texture":"#0"},"down":{"uv":[8,12.8,7.2,14],"texture":"#0"}}},{"from":[7.505,6.18221,6.05014],"to":[8.495,7.38221,7.47514],"rotation":{"angle":45,"axis":"x","origin":[12.43963,7.80852,7.25092]},"faces":{"north":{"uv":[13.6,5.6,14.4,6.6],"texture":"#0"},"east":{"uv":[12,12,13.2,13],"texture":"#0"},"south":{"uv":[6.4,13.6,7.2,14.6],"texture":"#0"},"west":{"uv":[0,12.8,1.2,13.8],"texture":"#0"},"up":{"uv":[9.6,14,8.8,12.8],"texture":"#0"},"down":{"uv":[13.6,8.8,12.8,10],"texture":"#0"}}},{"from":[7.75,9.06961,7.59269],"to":[8.25,9.86961,8.39269],"rotation":{"angle":45,"axis":"x","origin":[12.43963,7.80852,7.25092]},"faces":{"north":{"uv":[7.2,14.4,7.6,15],"texture":"#0"},"east":{"uv":[3.2,14.4,3.8,15],"texture":"#0"},"south":{"uv":[14.4,7.2,14.8,7.8],"texture":"#0"},"west":{"uv":[14.4,3.2,15,3.8],"texture":"#0"},"up":{"uv":[8.4,15,8,14.4],"texture":"#0"},"down":{"uv":[14.8,8,14.4,8.6],"texture":"#0"}}},{"from":[2.65209,8.30853,8.28918],"to":[3.73209,9.38853,11.52918],"rotation":{"angle":-45,"axis":"y","origin":[12.43963,7.80852,7.25092]},"faces":{"north":{"uv":[14.4,0,15.2,0.8],"texture":"#0"},"east":{"uv":[8.8,0.8,11.4,1.6],"texture":"#0"},"south":{"uv":[0.8,14.4,1.6,15.2],"texture":"#0"},"west":{"uv":[8.8,1.6,11.4,2.4],"texture":"#0"},"up":{"uv":[4.8,11.4,4,8.8],"texture":"#0"},"down":{"uv":[5.6,8.8,4.8,11.4],"texture":"#0"}}},{"from":[8.6785,3.61107,1.332],"to":[10.3585,5.29107,2.172],"rotation":{"angle":-45,"axis":"z","origin":[12.43963,7.80852,7.25092]},"faces":{"north":{"uv":[8.8,2.4,10.2,3.8],"texture":"#0"},"east":{"uv":[12.8,10.4,13.4,11.8],"texture":"#0"},"south":{"uv":[5.6,8.8,7,10.2],"texture":"#0"},"west":{"uv":[13.6,2.4,14.2,3.8],"texture":"#0"},"up":{"uv":[6.2,14.2,4.8,13.6],"texture":"#0"},"down":{"uv":[15,4.8,13.6,5.4],"texture":"#0"}}},{"from":[8.8465,3.77907,1.164],"to":[10.1905,5.12307,1.332],"rotation":{"angle":-45,"axis":"z","origin":[12.43963,7.80852,7.25092]},"faces":{"north":{"uv":[1.6,12.8,2.6,13.8],"texture":"#0"},"east":{"uv":[8.8,14.4,9,15.4],"texture":"#0"},"south":{"uv":[3.2,12.8,4.2,13.8],"texture":"#0"},"west":{"uv":[14.4,8.8,14.6,9.8],"texture":"#0"},"up":{"uv":[10.6,14.6,9.6,14.4],"texture":"#0"},"down":{"uv":[15.4,10.4,14.4,10.6],"texture":"#0"}}},{"from":[1.19326,9,6.86426],"to":[3.19326,9,11.86426],"rotation":{"angle":-45,"axis":"y","origin":[12.43963,7.80852,7.25092]},"faces":{"north":{"uv":[0,0,1.6,0],"texture":"#0"},"east":{"uv":[0,0,4,0],"texture":"#0"},"south":{"uv":[0,0,1.6,0],"texture":"#0"},"west":{"uv":[0,0,4,0],"texture":"#0"},"up":{"uv":[1.6,12,0,8],"texture":"#0"},"down":{"uv":[1.6,8,0,12],"texture":"#0"}}},{"from":[14.86859,8.30853,2.0106],"to":[15.94859,9.38853,5.2506],"rotation":{"angle":45,"axis":"y","origin":[12.43963,7.80852,7.25092]},"faces":{"north":{"uv":[15.2,0,14.4,0.8],"texture":"#0"},"east":{"uv":[11.4,1.6,8.8,2.4],"texture":"#0"},"south":{"uv":[1.6,14.4,0.8,15.2],"texture":"#0"},"west":{"uv":[11.4,0.8,8.8,1.6],"texture":"#0"},"up":{"uv":[4,11.4,4.8,8.8],"texture":"#0"},"down":{"uv":[4.8,8.8,5.6,11.4],"texture":"#0"}}},{"from":[15.40741,9,0.58567],"to":[17.40741,9,5.58567],"rotation":{"angle":45,"axis":"y","origin":[12.43963,7.80852,7.25092]},"faces":{"north":{"uv":[1.6,0,0,0],"texture":"#0"},"east":{"uv":[4,0,0,0],"texture":"#0"},"south":{"uv":[1.6,0,0,0],"texture":"#0"},"west":{"uv":[4,0,0,0],"texture":"#0"},"up":{"uv":[0,12,1.6,8],"texture":"#0"},"down":{"uv":[0,8,1.6,12],"texture":"#0"}}},{"from":[9.35478,8.34853,1.88449],"to":[11.55478,9.34853,2.83449],"rotation":{"angle":0,"axis":"z","origin":[12.43963,7.80852,7.25092]},"faces":{"north":{"uv":[13.8,0.8,12,1.6],"texture":"#0"},"east":{"uv":[0.8,14.4,0,15.2],"texture":"#0"},"south":{"uv":[13.8,1.6,12,2.4],"texture":"#0"},"west":{"uv":[14.4,13.6,13.6,14.4],"texture":"#0"},"up":{"uv":[2.4,12.8,4.2,12],"texture":"#0"},"down":{"uv":[12,4,13.8,4.8],"texture":"#0"}}},{"from":[9.16936,4.51615,1.85949],"to":[10.16936,6.71615,2.85949],"rotation":{"angle":-45,"axis":"z","origin":[12.43963,7.80852,7.25092]},"faces":{"north":{"uv":[12,4,11.2,5.8],"texture":"#0"},"east":{"uv":[12,11.2,11.2,13],"texture":"#0"},"south":{"uv":[12,8.8,11.2,10.6],"texture":"#0"},"west":{"uv":[12,6.4,11.2,8.2],"texture":"#0"},"up":{"uv":[12.8,14.4,13.6,13.6],"texture":"#0"},"down":{"uv":[13.6,12.8,14.4,13.6],"texture":"#0"}}},{"from":[3,8.78753,3.71895],"to":[13,8.78753,8.71895],"rotation":{"angle":0,"axis":"y","origin":[8,8.78753,6.21895]},"faces":{"north":{"uv":[0,0,8,0],"texture":"#0"},"east":{"uv":[0,0,4,0],"texture":"#0"},"south":{"uv":[0,0,8,0],"texture":"#0"},"west":{"uv":[0,0,4,0],"texture":"#0"},"up":{"uv":[8,4,0,0],"texture":"#0"},"down":{"uv":[0,0,8,4],"texture":"#0"}}},{"from":[3.91002,5.475,13.63924],"to":[4.91002,8.475,13.63924],"rotation":{"angle":45,"axis":"y","origin":[-1.56037,7.98352,7.25092]},"faces":{"north":{"uv":[5.6,10.4,6.4,12.8],"texture":"#0"},"east":{"uv":[0,0,0,2.4],"texture":"#0"},"south":{"uv":[6.4,10.4,5.6,12.8],"texture":"#0"},"west":{"uv":[0,0,0,2.4],"texture":"#0"},"up":{"uv":[0.8,0,0,0],"texture":"#0"},"down":{"uv":[0.8,0,0,0],"texture":"#0"}}},{"from":[8.36419,5.475,5.31578],"to":[9.36419,8.475,5.31578],"rotation":{"angle":-45,"axis":"y","origin":[-1.56037,7.98352,7.25092]},"faces":{"north":{"uv":[7.2,10.4,6.4,12.8],"texture":"#0"},"east":{"uv":[0,0,0,2.4],"texture":"#0"},"south":{"uv":[6.4,10.4,7.2,12.8],"texture":"#0"},"west":{"uv":[0,0,0,2.4],"texture":"#0"},"up":{"uv":[0.8,0,0,0],"texture":"#0"},"down":{"uv":[0.8,0,0,0],"texture":"#0"}}},{"from":[6.825,5.475,7.901],"to":[6.825,8.475,12.901],"rotation":{"angle":0,"axis":"y","origin":[-1.56037,7.98352,7.25092]},"faces":{"north":{"uv":[0,0,0,2.4],"texture":"#0"},"east":{"uv":[0,8,4,5.6],"texture":"#0"},"south":{"uv":[0,0,0,2.4],"texture":"#0"},"west":{"uv":[0,5.6,4,8],"texture":"#0"},"up":{"uv":[0,4,0,0],"texture":"#0"},"down":{"uv":[0,0,0,4],"texture":"#0"}}},{"from":[6.63581,5.475,5.31578],"to":[7.63581,8.475,5.31578],"rotation":{"angle":45,"axis":"y","origin":[17.56037,7.98352,7.25092]},"faces":{"north":{"uv":[6.4,10.4,7.2,12.8],"texture":"#0"},"east":{"uv":[0,0,0,2.4],"texture":"#0"},"south":{"uv":[7.2,10.4,6.4,12.8],"texture":"#0"},"west":{"uv":[0,0,0,2.4],"texture":"#0"},"up":{"uv":[0,0,0.8,0],"texture":"#0"},"down":{"uv":[0,0,0.8,0],"texture":"#0"}}},{"from":[9.175,5.475,7.901],"to":[9.175,8.475,12.901],"rotation":{"angle":0,"axis":"y","origin":[17.56037,7.98352,7.25092]},"faces":{"north":{"uv":[0,0,0,2.4],"texture":"#0"},"east":{"uv":[4,5.6,0,8],"texture":"#0"},"south":{"uv":[0,0,0,2.4],"texture":"#0"},"west":{"uv":[4,8,0,5.6],"texture":"#0"},"up":{"uv":[0,4,0,0],"texture":"#0"},"down":{"uv":[0,0,0,4],"texture":"#0"}}},{"from":[11.08998,5.475,13.63924],"to":[12.08998,8.475,13.63924],"rotation":{"angle":-45,"axis":"y","origin":[17.56037,7.98352,7.25092]},"faces":{"north":{"uv":[6.4,10.4,5.6,12.8],"texture":"#0"},"east":{"uv":[0,0,0,2.4],"texture":"#0"},"south":{"uv":[5.6,10.4,6.4,12.8],"texture":"#0"},"west":{"uv":[0,0,0,2.4],"texture":"#0"},"up":{"uv":[0,0,0.8,0],"texture":"#0"},"down":{"uv":[0,0,0.8,0],"texture":"#0"}}},{"from":[7.75,6.52263,6.24825],"to":[8.25,6.77263,8.14825],"rotation":{"angle":0,"axis":"y","origin":[12.43963,7.80852,7.25092]},"faces":{"north":{"uv":[12,14.4,12.4,14.6],"texture":"#0"},"east":{"uv":[14.4,5.6,16,5.8],"texture":"#0"},"south":{"uv":[14.4,12,14.8,12.2],"texture":"#0"},"west":{"uv":[14.4,6.4,16,6.6],"texture":"#0"},"up":{"uv":[14.8,2.4,14.4,0.8],"texture":"#0"},"down":{"uv":[2,14.4,1.6,16],"texture":"#0"}}},{"from":[7.875,6.69763,7.14825],"to":[8.125,7.19763,7.74825],"rotation":{"angle":0,"axis":"z","origin":[12.43963,7.80852,7.25092]},"faces":{"north":{"uv":[12.8,14.4,13,14.8],"texture":"#0"},"east":{"uv":[11.2,14.4,11.6,14.8],"texture":"#0"},"south":{"uv":[14.4,12.8,14.6,13.2],"texture":"#0"},"west":{"uv":[14.4,11.2,14.8,11.6],"texture":"#0"},"up":{"uv":[13.8,14.8,13.6,14.4],"texture":"#0"},"down":{"uv":[14.6,13.6,14.4,14],"texture":"#0"}}},{"from":[4.5,5.4,-1],"to":[11.5,12.4,-1],"rotation":{"angle":0,"axis":"y","origin":[8,8.9,-1]},"faces":{"north":{"uv":[14.1,0,0,14.1],"texture":"#1"},"east":{"uv":[0,0,0,5.6],"texture":"#1"},"south":{"uv":[0,0,14.1,14.1],"texture":"#1"},"west":{"uv":[0,0,0,5.6],"texture":"#1"},"up":{"uv":[0,5.6,0,0],"rotation":270,"texture":"#1"},"down":{"uv":[0,0,0,5.6],"rotation":90,"texture":"#1"}}}],"gui_light":"front","display":{"thirdperson_righthand":{"translation":[0,0.75,3.25],"scale":[1.10156,1.10156,1.10156]},"thirdperson_lefthand":{"translation":[0,0.75,3.25],"scale":[1.10156,1.10156,1.10156]},"firstperson_righthand":{"rotation":[6,0,13],"translation":[-2.5,3.75,4.75],"scale":[1.01953,1.01953,1.01953]},"firstperson_lefthand":{"rotation":[6,0,13],"translation":[-2.5,3.75,4.75],"scale":[1.01953,1.01953,1.01953]},"ground":{"rotation":[-3.03,1.68,5.04],"translation":[0,1.25,0],"scale":[0.96875,0.96875,0.96875]},"gui":{"rotation":[37,-45,0],"translation":[-1.75,-1.25,0],"scale":[0.88281,0.88281,0.88281]},"head":{"scale":[0,0,0]},"fixed":{"rotation":[90,0,180],"translation":[0.25,-1.5,-2.25],"scale":[2.3418,2.3418,2.3418]}}}