{"credit":"Made with Blockbench","texture_size":[40,40],"textures":{"0":"emissary_set:emissary_set/helmet","1":"emissary_set:emissary_set/animation_1-sheet","particle":"emissary_set:emissary_set/helmet"},"elements":[{"from":[3,0,2.5],"to":[5,3,3],"rotation":{"angle":0,"axis":"z","origin":[4.5,1.5,2.5]},"faces":{"north":{"uv":[5.2,11.2,6,12.4],"texture":"#0"},"east":{"uv":[13.6,0,13.8,1.2],"texture":"#0"},"south":{"uv":[11.6,9.2,12.4,10.4],"texture":"#0"},"west":{"uv":[3.2,13.6,3.4,14.8],"texture":"#0"},"up":{"uv":[11.6,13.8,10.8,13.6],"texture":"#0"},"down":{"uv":[14.4,11.6,13.6,11.8],"texture":"#0"}}},{"from":[3,6,2.5],"to":[13,9,3],"rotation":{"angle":0,"axis":"z","origin":[4.5,7.5,2.5]},"faces":{"north":{"uv":[8,0,12,1.2],"texture":"#0"},"east":{"uv":[6.8,13.6,7,14.8],"texture":"#0"},"south":{"uv":[8,1.2,12,2.4],"texture":"#0"},"west":{"uv":[7.6,13.6,7.8,14.8],"texture":"#0"},"up":{"uv":[16,1.8,12,1.6],"texture":"#0"},"down":{"uv":[16,2,12,2.2],"texture":"#0"}}},{"from":[3,9,2.5],"to":[13,9.5,13],"rotation":{"angle":0,"axis":"x","origin":[4.5,9.5,4]},"faces":{"north":{"uv":[12,2.4,16,2.6],"texture":"#0"},"east":{"uv":[11.6,3.6,15.8,3.8],"texture":"#0"},"south":{"uv":[12,2.8,16,3],"texture":"#0"},"west":{"uv":[11.6,4,15.8,4.2],"texture":"#0"},"up":{"uv":[4,4.2,0,0],"texture":"#0"},"down":{"uv":[8,0,4,4.2],"texture":"#0"}}},{"from":[3,0,3],"to":[3.5,3,13],"rotation":{"angle":0,"axis":"y","origin":[3,1.5,3.5]},"faces":{"north":{"uv":[3.6,13.6,3.8,14.8],"texture":"#0"},"east":{"uv":[7.2,4.4,11.2,5.6],"texture":"#0"},"south":{"uv":[4,13.6,4.2,14.8],"texture":"#0"},"west":{"uv":[7.2,5.6,11.2,6.8],"texture":"#0"},"up":{"uv":[1,16,0.8,12],"texture":"#0"},"down":{"uv":[1.4,12,1.2,16],"texture":"#0"}}},{"from":[3.5,0,12.5],"to":[12.5,9,13],"rotation":{"angle":0,"axis":"y","origin":[3,1.5,13]},"faces":{"north":{"uv":[0,4.4,3.6,8],"texture":"#0"},"east":{"uv":[2.4,12,2.6,15.6],"texture":"#0"},"south":{"uv":[3.6,4.4,7.2,8],"texture":"#0"},"west":{"uv":[2.8,12,3,15.6],"texture":"#0"},"up":{"uv":[15.6,3.4,12,3.2],"texture":"#0"},"down":{"uv":[12.8,12,9.2,12.2],"texture":"#0"}}},{"from":[3,3,6],"to":[3.5,6,13],"rotation":{"angle":0,"axis":"y","origin":[3,4.5,3.5]},"faces":{"north":{"uv":[4.4,13.6,4.6,14.8],"texture":"#0"},"east":{"uv":[6,8,8.8,9.2],"texture":"#0"},"south":{"uv":[5.6,13.6,5.8,14.8],"texture":"#0"},"west":{"uv":[8.8,8,11.6,9.2],"texture":"#0"},"up":{"uv":[7.4,15.6,7.2,12.8],"texture":"#0"},"down":{"uv":[9.4,13.2,9.2,16],"texture":"#0"}}},{"from":[3,6,3],"to":[3.5,9,13],"rotation":{"angle":0,"axis":"y","origin":[3,7.5,3.5]},"faces":{"north":{"uv":[6,13.6,6.2,14.8],"texture":"#0"},"east":{"uv":[7.2,6.8,11.2,8],"texture":"#0"},"south":{"uv":[6.4,13.6,6.6,14.8],"texture":"#0"},"west":{"uv":[0,8,4,9.2],"texture":"#0"},"up":{"uv":[1.8,16,1.6,12],"texture":"#0"},"down":{"uv":[2.2,12,2,16],"texture":"#0"}}},{"from":[5,1,2.5],"to":[11,3,3],"rotation":{"angle":0,"axis":"z","origin":[9.5,1.5,2.5]},"faces":{"north":{"uv":[9.2,10,11.6,10.8],"texture":"#0"},"east":{"uv":[11.2,9.2,11.4,10],"texture":"#0"},"south":{"uv":[3.6,10.4,6,11.2],"texture":"#0"},"west":{"uv":[11.6,13.6,11.8,14.4],"texture":"#0"},"up":{"uv":[15.6,9.4,13.2,9.2],"texture":"#0"},"down":{"uv":[12,13.2,9.6,13.4],"texture":"#0"}}},{"from":[5,0,2],"to":[6.3,4,3.025],"rotation":{"angle":22.5,"axis":"z","origin":[5,0,2]},"faces":{"north":{"uv":[11.6,10.4,12.2,12],"texture":"#0"},"east":{"uv":[3.2,12,3.6,13.6],"texture":"#0"},"south":{"uv":[12,0,12.6,1.6],"texture":"#0"},"west":{"uv":[3.6,12,4,13.6],"texture":"#0"},"up":{"uv":[14.2,1.6,13.6,1.2],"texture":"#0"},"down":{"uv":[14.2,7.6,13.6,8],"texture":"#0"}}},{"from":[7,9.5,3.5],"to":[9,11.5,12.5],"rotation":{"angle":0,"axis":"y","origin":[7,9.5,3.5]},"faces":{"north":{"uv":[4,12,4.8,12.8],"texture":"#0"},"east":{"uv":[8,3.6,11.6,4.4],"texture":"#0"},"south":{"uv":[12.4,4.4,13.2,5.2],"texture":"#0"},"west":{"uv":[0,9.2,3.6,10],"texture":"#0"},"up":{"uv":[6.8,12.8,6,9.2],"texture":"#0"},"down":{"uv":[7.6,9.2,6.8,12.8],"texture":"#0"}}},{"from":[7.0125,6.20809,2.95045],"to":[8.9875,8.20809,4.95045],"rotation":{"angle":-22.5,"axis":"x","origin":[7.0125,6.20809,-4.04955]},"faces":{"north":{"uv":[4.8,12.4,5.6,13.2],"texture":"#0"},"east":{"uv":[12.4,5.2,13.2,6],"texture":"#0"},"south":{"uv":[12.4,6,13.2,6.8],"texture":"#0"},"west":{"uv":[12.4,6.8,13.2,7.6],"texture":"#0"},"up":{"uv":[10,13.2,9.2,12.4],"texture":"#0"},"down":{"uv":[13.2,9.2,12.4,10],"texture":"#0"}}},{"from":[7.0125,6.20809,11.04955],"to":[8.9875,8.20809,13.04955],"rotation":{"angle":22.5,"axis":"x","origin":[7.0125,6.20809,20.04955]},"faces":{"north":{"uv":[10,12.4,10.8,13.2],"texture":"#0"},"east":{"uv":[12.4,10,13.2,10.8],"texture":"#0"},"south":{"uv":[10.8,12.4,11.6,13.2],"texture":"#0"},"west":{"uv":[12.4,10.8,13.2,11.6],"texture":"#0"},"up":{"uv":[12.4,13.2,11.6,12.4],"texture":"#0"},"down":{"uv":[13.2,12.4,12.4,13.2],"texture":"#0"}}},{"from":[4.3125,0.30809,2.65045],"to":[6.3125,2.28309,4.65045],"rotation":{"angle":-22.5,"axis":"y","origin":[6.3125,0.30809,-4.34955]},"faces":{"north":{"uv":[0,13.2,0.8,14],"texture":"#0"},"east":{"uv":[13.2,4.4,14,5.2],"texture":"#0"},"south":{"uv":[4.8,13.2,5.6,14],"texture":"#0"},"west":{"uv":[13.2,5.2,14,6],"texture":"#0"},"up":{"uv":[14,6.8,13.2,6],"texture":"#0"},"down":{"uv":[14,6.8,13.2,7.6],"texture":"#0"}}},{"from":[1.02059,0.29559,3.2],"to":[3.02059,2.29559,12.2],"rotation":{"angle":0,"axis":"y","origin":[3.02059,0.29559,3.2]},"faces":{"north":{"uv":[12.8,8.4,13.6,9.2],"texture":"#0"},"east":{"uv":[7.6,9.2,11.2,10],"texture":"#0"},"south":{"uv":[12.8,11.6,13.6,12.4],"texture":"#0"},"west":{"uv":[0,10,3.6,10.8],"texture":"#0"},"up":{"uv":[8.4,13.6,7.6,10],"texture":"#0"},"down":{"uv":[9.2,10,8.4,13.6],"texture":"#0"}}},{"from":[4.3125,0.30809,10.74955],"to":[6.3125,2.28309,12.74955],"rotation":{"angle":22.5,"axis":"y","origin":[6.3125,0.30809,19.74955]},"faces":{"north":{"uv":[12.8,0,13.6,0.8],"texture":"#0"},"east":{"uv":[12.8,0.8,13.6,1.6],"texture":"#0"},"south":{"uv":[4,12.8,4.8,13.6],"texture":"#0"},"west":{"uv":[5.6,12.8,6.4,13.6],"texture":"#0"},"up":{"uv":[7.2,13.6,6.4,12.8],"texture":"#0"},"down":{"uv":[13.6,7.6,12.8,8.4],"texture":"#0"}}},{"from":[7,0.5,2.05],"to":[10,3.5,3.05],"rotation":{"angle":45,"axis":"z","origin":[8,1.5,2.05]},"faces":{"north":{"uv":[0.8,10.8,2,12],"texture":"#0"},"east":{"uv":[3.6,9.2,4,10.4],"texture":"#0"},"south":{"uv":[2,10.8,3.2,12],"texture":"#0"},"west":{"uv":[13.2,9.6,13.6,10.8],"texture":"#0"},"up":{"uv":[14.4,11.2,13.2,10.8],"texture":"#0"},"down":{"uv":[14.4,11.2,13.2,11.6],"texture":"#0"}}},{"from":[7.3,0.8,1.55],"to":[9.7,3.2,2.05],"rotation":{"angle":45,"axis":"z","origin":[8,1.5,1.05]},"faces":{"north":{"uv":[11.2,4.4,12.2,5.4],"texture":"#0"},"east":{"uv":[8,13.6,8.2,14.6],"texture":"#0"},"south":{"uv":[11.2,5.6,12.2,6.6],"texture":"#0"},"west":{"uv":[13.6,8,13.8,9],"texture":"#0"},"up":{"uv":[10.6,13.8,9.6,13.6],"texture":"#0"},"down":{"uv":[14.6,9.6,13.6,9.8],"texture":"#0"}}},{"from":[7,6.1,2.05],"to":[10,9.1,3.05],"rotation":{"angle":45,"axis":"z","origin":[8,7.1,2.05]},"faces":{"north":{"uv":[9.2,10.8,10.4,12],"texture":"#0"},"east":{"uv":[12,13.2,12.4,14.4],"texture":"#0"},"south":{"uv":[10.4,10.8,11.6,12],"texture":"#0"},"west":{"uv":[12.4,13.2,12.8,14.4],"texture":"#0"},"up":{"uv":[14.4,12.8,13.2,12.4],"texture":"#0"},"down":{"uv":[14,13.2,12.8,13.6],"texture":"#0"}}},{"from":[7.3,6.4,1.55],"to":[9.7,8.8,2.05],"rotation":{"angle":45,"axis":"z","origin":[8,7.1,1.05]},"faces":{"north":{"uv":[11.2,6.8,12.2,7.8],"texture":"#0"},"east":{"uv":[8.4,13.6,8.6,14.6],"texture":"#0"},"south":{"uv":[11.6,8,12.6,9],"texture":"#0"},"west":{"uv":[8.8,13.6,9,14.6],"texture":"#0"},"up":{"uv":[14.6,10.2,13.6,10],"texture":"#0"},"down":{"uv":[14.6,10.4,13.6,10.6],"texture":"#0"}}},{"from":[4.5,9.5,3],"to":[4.5,12.5,12.5],"rotation":{"angle":0,"axis":"y","origin":[4.5,9.5,0]},"faces":{"north":{"uv":[0,0,0,1.2],"texture":"#0"},"east":{"uv":[11.8,2.4,8,3.6],"texture":"#0"},"south":{"uv":[0,0,0,1.2],"texture":"#0"},"west":{"uv":[8,2.4,11.8,3.6],"texture":"#0"},"up":{"uv":[0,3.8,0,0],"texture":"#0"},"down":{"uv":[0,0,0,3.8],"texture":"#0"}}},{"from":[11.5,9.5,3],"to":[11.5,12.5,12.5],"rotation":{"angle":0,"axis":"y","origin":[11.5,9.5,0]},"faces":{"north":{"uv":[0,0,0,1.2],"texture":"#0"},"east":{"uv":[11.8,2.4,8,3.6],"texture":"#0"},"south":{"uv":[0,0,0,1.2],"texture":"#0"},"west":{"uv":[8,2.4,11.8,3.6],"texture":"#0"},"up":{"uv":[0,3.8,0,0],"texture":"#0"},"down":{"uv":[0,0,0,3.8],"texture":"#0"}}},{"from":[2,2,7],"to":[2,8,12],"rotation":{"angle":0,"axis":"y","origin":[2,2,8]},"faces":{"north":{"uv":[0,0,0,2.4],"texture":"#0"},"east":{"uv":[6,8,4,10.4],"texture":"#0"},"south":{"uv":[0,0,0,2.4],"texture":"#0"},"west":{"uv":[4,8,6,10.4],"texture":"#0"},"up":{"uv":[0,2,0,0],"texture":"#0"},"down":{"uv":[0,0,0,2],"texture":"#0"}}},{"from":[2,8,7],"to":[2,9.5,12],"rotation":{"angle":-45,"axis":"z","origin":[2,8,8]},"faces":{"north":{"uv":[0,0,0,0.6],"texture":"#0"},"east":{"uv":[3.2,11.2,5.2,11.8],"texture":"#0"},"south":{"uv":[0,0,0,0.6],"texture":"#0"},"west":{"uv":[5.2,11.2,3.2,11.8],"texture":"#0"},"up":{"uv":[0,2,0,0],"texture":"#0"},"down":{"uv":[0,0,0,2],"texture":"#0"}}},{"from":[14,2,7],"to":[14,8,12],"rotation":{"angle":0,"axis":"y","origin":[14,2,8]},"faces":{"north":{"uv":[0,0,0,2.4],"texture":"#0"},"east":{"uv":[6,8,4,10.4],"texture":"#0"},"south":{"uv":[0,0,0,2.4],"texture":"#0"},"west":{"uv":[4,8,6,10.4],"texture":"#0"},"up":{"uv":[0,2,0,0],"texture":"#0"},"down":{"uv":[0,0,0,2],"texture":"#0"}}},{"from":[14,8,7],"to":[14,9.5,12],"rotation":{"angle":45,"axis":"z","origin":[14,8,8]},"faces":{"north":{"uv":[0,0,0,0.6],"texture":"#0"},"east":{"uv":[3.2,11.2,5.2,11.8],"texture":"#0"},"south":{"uv":[0,0,0,0.6],"texture":"#0"},"west":{"uv":[5.2,11.2,3.2,11.8],"texture":"#0"},"up":{"uv":[0,2,0,0],"texture":"#0"},"down":{"uv":[0,0,0,2],"texture":"#0"}}},{"from":[12.5,6,3],"to":[13,9,13],"rotation":{"angle":0,"axis":"y","origin":[13,7.5,3.5]},"faces":{"north":{"uv":[6.2,13.6,6,14.8],"texture":"#0"},"east":{"uv":[4,8,0,9.2],"texture":"#0"},"south":{"uv":[6.6,13.6,6.4,14.8],"texture":"#0"},"west":{"uv":[11.2,6.8,7.2,8],"texture":"#0"},"up":{"uv":[1.6,16,1.8,12],"texture":"#0"},"down":{"uv":[2,12,2.2,16],"texture":"#0"}}},{"from":[12.5,3,6],"to":[13,6,13],"rotation":{"angle":0,"axis":"y","origin":[13,4.5,3.5]},"faces":{"north":{"uv":[4.6,13.6,4.4,14.8],"texture":"#0"},"east":{"uv":[11.6,8,8.8,9.2],"texture":"#0"},"south":{"uv":[5.8,13.6,5.6,14.8],"texture":"#0"},"west":{"uv":[8.8,8,6,9.2],"texture":"#0"},"up":{"uv":[7.2,15.6,7.4,12.8],"texture":"#0"},"down":{"uv":[9.2,13.2,9.4,16],"texture":"#0"}}},{"from":[12.5,0,3],"to":[13,3,13],"rotation":{"angle":0,"axis":"y","origin":[13,1.5,3.5]},"faces":{"north":{"uv":[3.8,13.6,3.6,14.8],"texture":"#0"},"east":{"uv":[11.2,5.6,7.2,6.8],"texture":"#0"},"south":{"uv":[4.2,13.6,4,14.8],"texture":"#0"},"west":{"uv":[11.2,4.4,7.2,5.6],"texture":"#0"},"up":{"uv":[0.8,16,1,12],"texture":"#0"},"down":{"uv":[1.2,12,1.4,16],"texture":"#0"}}},{"from":[12.97941,0.29559,3.2],"to":[14.97941,2.29559,12.2],"rotation":{"angle":0,"axis":"y","origin":[12.97941,0.29559,3.2]},"faces":{"north":{"uv":[13.6,8.4,12.8,9.2],"texture":"#0"},"east":{"uv":[3.6,10,0,10.8],"texture":"#0"},"south":{"uv":[13.6,11.6,12.8,12.4],"texture":"#0"},"west":{"uv":[11.2,9.2,7.6,10],"texture":"#0"},"up":{"uv":[7.6,13.6,8.4,10],"texture":"#0"},"down":{"uv":[8.4,10,9.2,13.6],"texture":"#0"}}},{"from":[9.6875,0.30809,2.65045],"to":[11.6875,2.28309,4.65045],"rotation":{"angle":22.5,"axis":"y","origin":[9.6875,0.30809,-4.34955]},"faces":{"north":{"uv":[0.8,13.2,0,14],"texture":"#0"},"east":{"uv":[14,5.2,13.2,6],"texture":"#0"},"south":{"uv":[5.6,13.2,4.8,14],"texture":"#0"},"west":{"uv":[14,4.4,13.2,5.2],"texture":"#0"},"up":{"uv":[13.2,6.8,14,6],"texture":"#0"},"down":{"uv":[13.2,6.8,14,7.6],"texture":"#0"}}},{"from":[9.6875,0.30809,10.74955],"to":[11.6875,2.28309,12.74955],"rotation":{"angle":-22.5,"axis":"y","origin":[9.6875,0.30809,19.74955]},"faces":{"north":{"uv":[13.6,0,12.8,0.8],"texture":"#0"},"east":{"uv":[6.4,12.8,5.6,13.6],"texture":"#0"},"south":{"uv":[4.8,12.8,4,13.6],"texture":"#0"},"west":{"uv":[13.6,0.8,12.8,1.6],"texture":"#0"},"up":{"uv":[6.4,13.6,7.2,12.8],"texture":"#0"},"down":{"uv":[12.8,7.6,13.6,8.4],"texture":"#0"}}},{"from":[11,0,2.5],"to":[13,3,3],"rotation":{"angle":0,"axis":"z","origin":[11.5,1.5,2.5]},"faces":{"north":{"uv":[6,11.2,5.2,12.4],"texture":"#0"},"east":{"uv":[3.4,13.6,3.2,14.8],"texture":"#0"},"south":{"uv":[12.4,9.2,11.6,10.4],"texture":"#0"},"west":{"uv":[13.8,0,13.6,1.2],"texture":"#0"},"up":{"uv":[10.8,13.8,11.6,13.6],"texture":"#0"},"down":{"uv":[13.6,11.6,14.4,11.8],"texture":"#0"}}},{"from":[9.7,0,2],"to":[11,4,3.025],"rotation":{"angle":-22.5,"axis":"z","origin":[11,0,2]},"faces":{"north":{"uv":[12.2,10.4,11.6,12],"texture":"#0"},"east":{"uv":[4,12,3.6,13.6],"texture":"#0"},"south":{"uv":[12.6,0,12,1.6],"texture":"#0"},"west":{"uv":[3.6,12,3.2,13.6],"texture":"#0"},"up":{"uv":[13.6,1.6,14.2,1.2],"texture":"#0"},"down":{"uv":[13.6,7.6,14.2,8],"texture":"#0"}}},{"from":[4.5,2,13.7],"to":[6.5,8,13.7],"rotation":{"angle":0,"axis":"y","origin":[4.5,2,13.7]},"faces":{"north":{"uv":[0.8,10.8,0,13.2],"texture":"#0"},"east":{"uv":[0,0,0,2.4],"texture":"#0"},"south":{"uv":[0,10.8,0.8,13.2],"texture":"#0"},"west":{"uv":[0,0,0,2.4],"texture":"#0"},"up":{"uv":[0.8,0,0,0],"texture":"#0"},"down":{"uv":[0.8,0,0,0],"texture":"#0"}}},{"from":[4.5,8.35285,12.84674],"to":[6.5,8.35285,13.84674],"rotation":{"angle":45,"axis":"x","origin":[5.5,8.35285,13.34674]},"faces":{"north":{"uv":[0,0,0.8,0],"texture":"#0"},"east":{"uv":[0,0,0.4,0],"texture":"#0"},"south":{"uv":[0,0,0.8,0],"texture":"#0"},"west":{"uv":[0,0,0.4,0],"texture":"#0"},"up":{"uv":[14,13.2,13.2,12.8],"texture":"#0"},"down":{"uv":[13.2,13.2,14,12.8],"rotation":180,"texture":"#0"}}},{"from":[4.5,1.64715,12.84674],"to":[6.5,1.64715,13.84674],"rotation":{"angle":-45,"axis":"x","origin":[5.5,1.64715,13.34674]},"faces":{"north":{"uv":[0,0,0.8,0],"texture":"#0"},"east":{"uv":[0,0,0.4,0],"texture":"#0"},"south":{"uv":[0,0,0.8,0],"texture":"#0"},"west":{"uv":[0,0,0.4,0],"texture":"#0"},"up":{"uv":[13.2,12.8,14,13.2],"rotation":180,"texture":"#0"},"down":{"uv":[14,12.8,13.2,13.2],"texture":"#0"}}},{"from":[9.5,8.35285,12.84674],"to":[11.5,8.35285,13.84674],"rotation":{"angle":45,"axis":"x","origin":[10.5,8.35285,13.34674]},"faces":{"north":{"uv":[0.8,0,0,0],"texture":"#0"},"east":{"uv":[0.4,0,0,0],"texture":"#0"},"south":{"uv":[0.8,0,0,0],"texture":"#0"},"west":{"uv":[0.4,0,0,0],"texture":"#0"},"up":{"uv":[13.2,13.2,14,12.8],"texture":"#0"},"down":{"uv":[14,13.2,13.2,12.8],"rotation":180,"texture":"#0"}}},{"from":[9.5,2,13.7],"to":[11.5,8,13.7],"rotation":{"angle":0,"axis":"y","origin":[11.5,2,13.7]},"faces":{"north":{"uv":[0,10.8,0.8,13.2],"texture":"#0"},"east":{"uv":[0,0,0,2.4],"texture":"#0"},"south":{"uv":[0.8,10.8,0,13.2],"texture":"#0"},"west":{"uv":[0,0,0,2.4],"texture":"#0"},"up":{"uv":[0,0,0.8,0],"texture":"#0"},"down":{"uv":[0,0,0.8,0],"texture":"#0"}}},{"from":[9.5,1.64715,12.84674],"to":[11.5,1.64715,13.84674],"rotation":{"angle":-45,"axis":"x","origin":[10.5,1.64715,13.34674]},"faces":{"north":{"uv":[0.8,0,0,0],"texture":"#0"},"east":{"uv":[0.4,0,0,0],"texture":"#0"},"south":{"uv":[0.8,0,0,0],"texture":"#0"},"west":{"uv":[0.4,0,0,0],"texture":"#0"},"up":{"uv":[14,12.8,13.2,13.2],"rotation":180,"texture":"#0"},"down":{"uv":[13.2,12.8,14,13.2],"texture":"#0"}}},{"from":[13.4,1.8,3.5],"to":[13.4,8.8,10.5],"rotation":{"angle":-45,"axis":"x","origin":[13.4,5.3,7]},"faces":{"north":{"uv":[0,0,0,2.8],"rotation":180,"texture":"#1"},"east":{"uv":[0,0,14.05,14.05],"rotation":180,"texture":"#1"},"south":{"uv":[0,0,0,2.8],"rotation":180,"texture":"#1"},"west":{"uv":[14.05,0,0,14.05],"rotation":180,"texture":"#1"},"up":{"uv":[0,2.8,0,0],"texture":"#1"},"down":{"uv":[0,0,0,2.8],"texture":"#1"}}},{"from":[2.6,1.8,3.5],"to":[2.6,8.8,10.5],"rotation":{"angle":-45,"axis":"x","origin":[2.6,5.3,7]},"faces":{"north":{"uv":[0,0,0,2.8],"rotation":180,"texture":"#1"},"east":{"uv":[0,0,14.05,14.05],"rotation":180,"texture":"#1"},"south":{"uv":[0,0,0,2.8],"rotation":180,"texture":"#1"},"west":{"uv":[14.05,0,0,14.05],"rotation":180,"texture":"#1"},"up":{"uv":[0,2.8,0,0],"texture":"#1"},"down":{"uv":[0,0,0,2.8],"texture":"#1"}}}],"gui_light":"front","display":{"thirdperson_righthand":{"rotation":[65,0,0],"translation":[0,3.75,1.75],"scale":[0.61133,0.61133,0.61133]},"thirdperson_lefthand":{"rotation":[65,0,0],"translation":[0,3.75,1.75],"scale":[0.61133,0.61133,0.61133]},"firstperson_righthand":{"rotation":[0,-180,0],"translation":[-2.5,7.25,0.5],"scale":[0.62383,0.62383,0.62383]},"firstperson_lefthand":{"rotation":[0,-180,0],"translation":[-2.5,7.25,0.5],"scale":[0.62383,0.62383,0.62383]},"ground":{"translation":[0,5.75,0],"scale":[0.88672,0.88672,0.88672]},"gui":{"rotation":[19,154,0],"translation":[0,1,0],"scale":[0.75,0.73242,0.75]},"head":{"translation":[0,5,0.25],"scale":[1.5,1.5,1.5]},"fixed":{"rotation":[-90,0,0],"translation":[0,0,-15.5],"scale":[1.9082,1.9082,1.9082]}}}