{"credit":"Made with Blockbench","texture_size":[12,12],"textures":{"0":"emissary_set:emissary_set/key","particle":"emissary_set:emissary_set/key"},"elements":[{"from":[7.7,6.5,9.5],"to":[8.3,7.5,12.5],"rotation":{"angle":0,"axis":"y","origin":[7.5,6.5,6.5]},"faces":{"north":{"uv":[10.66667,10.66667,11.33333,12],"texture":"#0"},"east":{"uv":[2.66667,5.33333,6.66667,6.66667],"texture":"#0"},"south":{"uv":[0,12,0.66667,13.33333],"texture":"#0"},"west":{"uv":[6.66667,0,10.66667,1.33333],"texture":"#0"},"up":{"uv":[11.33333,4,10.66667,0],"texture":"#0"},"down":{"uv":[3.33333,10.66667,2.66667,14.66667],"texture":"#0"}}},{"from":[7.7,8.5,9.5],"to":[8.3,9.5,12.5],"rotation":{"angle":0,"axis":"y","origin":[7.5,6.5,6.5]},"faces":{"north":{"uv":[12,0,12.66667,1.33333],"texture":"#0"},"east":{"uv":[6.66667,1.33333,10.66667,2.66667],"texture":"#0"},"south":{"uv":[1.33333,12,2,13.33333],"texture":"#0"},"west":{"uv":[2.66667,6.66667,6.66667,8],"texture":"#0"},"up":{"uv":[4.66667,14.66667,4,10.66667],"texture":"#0"},"down":{"uv":[11.33333,4,10.66667,8],"texture":"#0"}}},{"from":[7.5,7.5,5.5],"to":[8.5,8.5,10.5],"rotation":{"angle":0,"axis":"y","origin":[7.5,6.5,6.5]},"faces":{"north":{"uv":[9.33333,5.33333,10.66667,6.66667],"texture":"#0"},"east":{"uv":[0,0,6.66667,1.33333],"texture":"#0"},"south":{"uv":[9.33333,6.66667,10.66667,8],"texture":"#0"},"west":{"uv":[0,1.33333,6.66667,2.66667],"texture":"#0"},"up":{"uv":[1.33333,9.33333,0,2.66667],"texture":"#0"},"down":{"uv":[2.66667,2.66667,1.33333,9.33333],"texture":"#0"}}},{"from":[7.875,6.625,3.8],"to":[8.125,7.425,4.3],"rotation":{"angle":0,"axis":"y","origin":[8.125,6.925,4.05]},"faces":{"north":{"uv":[12,8,12.33333,9],"texture":"#0"},"east":{"uv":[12,5.33333,12.66667,6.33333],"texture":"#0"},"south":{"uv":[9.33333,12,9.66667,13],"texture":"#0"},"west":{"uv":[6.66667,12,7.33333,13],"texture":"#0"},"up":{"uv":[12.33333,11.33333,12,10.66667],"texture":"#0"},"down":{"uv":[12.33333,12,12,12.66667],"texture":"#0"}}},{"from":[7.875,6.625,4.6],"to":[8.125,7.425,5.1],"rotation":{"angle":0,"axis":"y","origin":[8.125,6.925,4.05]},"faces":{"north":{"uv":[12,9.33333,12.33333,10.33333],"texture":"#0"},"east":{"uv":[12,6.66667,12.66667,7.66667],"texture":"#0"},"south":{"uv":[10.66667,12,11,13],"texture":"#0"},"west":{"uv":[8,12,8.66667,13],"texture":"#0"},"up":{"uv":[0.33333,14,0,13.33333],"texture":"#0"},"down":{"uv":[13.66667,0,13.33333,0.66667],"texture":"#0"}}},{"from":[7.4,7.4,3.5],"to":[8.6,8.6,5.5],"rotation":{"angle":0,"axis":"y","origin":[7.5,6.5,6.5]},"faces":{"north":{"uv":[8,8,9.66667,9.66667],"texture":"#0"},"east":{"uv":[6.66667,5.33333,9.33333,7],"texture":"#0"},"south":{"uv":[0,9.33333,1.66667,11],"texture":"#0"},"west":{"uv":[2.66667,8,5.33333,9.66667],"texture":"#0"},"up":{"uv":[9.66667,5.33333,8,2.66667],"texture":"#0"},"down":{"uv":[7,8,5.33333,10.66667],"texture":"#0"}}},{"from":[7.7,7.5,11.5],"to":[8.3,8.5,12.5],"rotation":{"angle":0,"axis":"y","origin":[7.5,6.5,6.5]},"faces":{"north":{"uv":[12,1.33333,12.66667,2.66667],"texture":"#0"},"east":{"uv":[5.33333,10.66667,6.66667,12],"texture":"#0"},"south":{"uv":[12,2.66667,12.66667,4],"texture":"#0"},"west":{"uv":[6.66667,10.66667,8,12],"texture":"#0"},"up":{"uv":[12.66667,5.33333,12,4],"texture":"#0"},"down":{"uv":[6,12,5.33333,13.33333],"texture":"#0"}}},{"from":[6.7,7.5,9.8],"to":[7.7,8.5,9.8],"rotation":{"angle":-45,"axis":"y","origin":[7.2,8,9.8]},"faces":{"north":{"uv":[12,8,10.66667,9.33333],"texture":"#0"},"east":{"uv":[0,0,0,1.33333],"texture":"#0"},"south":{"uv":[10.66667,8,12,9.33333],"texture":"#0"},"west":{"uv":[0,0,0,1.33333],"texture":"#0"},"up":{"uv":[1.33333,0,0,0],"texture":"#0"},"down":{"uv":[1.33333,0,0,0],"texture":"#0"}}},{"from":[6.69929,7.5,5.0936],"to":[7.69929,8.5,5.0936],"rotation":{"angle":45,"axis":"y","origin":[7.19929,8,5.0936]},"faces":{"north":{"uv":[9.33333,10.66667,10.66667,12],"texture":"#0"},"east":{"uv":[0,0,0,1.33333],"texture":"#0"},"south":{"uv":[10.66667,10.66667,9.33333,12],"texture":"#0"},"west":{"uv":[0,0,0,1.33333],"texture":"#0"},"up":{"uv":[1.33333,0,0,0],"texture":"#0"},"down":{"uv":[1.33333,0,0,0],"texture":"#0"}}},{"from":[6.84574,7.5,5.44715],"to":[6.84574,8.5,9.44715],"rotation":{"angle":0,"axis":"y","origin":[6.84574,8,8.94715]},"faces":{"north":{"uv":[0,0,0,1.33333],"texture":"#0"},"east":{"uv":[8,4,2.66667,5.33333],"texture":"#0"},"south":{"uv":[0,0,0,1.33333],"texture":"#0"},"west":{"uv":[2.66667,4,8,5.33333],"texture":"#0"},"up":{"uv":[0,5.33333,0,0],"texture":"#0"},"down":{"uv":[0,0,0,5.33333],"texture":"#0"}}},{"from":[8.30071,7.5,5.0936],"to":[9.30071,8.5,5.0936],"rotation":{"angle":-45,"axis":"y","origin":[8.80071,8,5.0936]},"faces":{"north":{"uv":[10.66667,10.66667,9.33333,12],"texture":"#0"},"east":{"uv":[0,0,0,1.33333],"texture":"#0"},"south":{"uv":[9.33333,10.66667,10.66667,12],"texture":"#0"},"west":{"uv":[0,0,0,1.33333],"texture":"#0"},"up":{"uv":[0,0,1.33333,0],"texture":"#0"},"down":{"uv":[0,0,1.33333,0],"texture":"#0"}}},{"from":[9.15426,7.5,5.44715],"to":[9.15426,8.5,9.44715],"rotation":{"angle":0,"axis":"y","origin":[9.15426,8,8.94715]},"faces":{"north":{"uv":[0,0,0,1.33333],"texture":"#0"},"east":{"uv":[8,4,2.66667,5.33333],"texture":"#0"},"south":{"uv":[0,0,0,1.33333],"texture":"#0"},"west":{"uv":[2.66667,4,8,5.33333],"texture":"#0"},"up":{"uv":[0,5.33333,0,0],"texture":"#0"},"down":{"uv":[0,0,0,5.33333],"texture":"#0"}}},{"from":[8.3,7.5,9.8],"to":[9.3,8.5,9.8],"rotation":{"angle":45,"axis":"y","origin":[8.8,8,9.8]},"faces":{"north":{"uv":[10.66667,8,12,9.33333],"texture":"#0"},"east":{"uv":[0,0,0,1.33333],"texture":"#0"},"south":{"uv":[12,8,10.66667,9.33333],"texture":"#0"},"west":{"uv":[0,0,0,1.33333],"texture":"#0"},"up":{"uv":[0,0,1.33333,0],"texture":"#0"},"down":{"uv":[0,0,1.33333,0],"texture":"#0"}}}],"gui_light":"front","display":{"thirdperson_righthand":{"rotation":[61,0,0],"translation":[0,3.25,-1.5]},"thirdperson_lefthand":{"rotation":[61,0,0],"translation":[0,3.25,-1.5]},"firstperson_righthand":{"rotation":[31.5,20.95,5.07],"translation":[-4,6.5,4],"scale":[0.83398,0.83398,0.83398]},"firstperson_lefthand":{"rotation":[31.5,20.95,5.07],"translation":[-4,6.5,4],"scale":[0.83398,0.83398,0.83398]},"ground":{"rotation":[45,-117,0],"translation":[0,1,0],"scale":[1.45313,1.45313,1.45313]},"gui":{"rotation":[90,-45,90],"translation":[0.5,0.25,0],"scale":[1.69727,1.69727,1.69727]},"head":{"scale":[0,0,0]},"fixed":{"rotation":[-90,135,90],"translation":[-0.25,0.25,-1.75],"scale":[2.69141,2.69141,2.69141]}}}