{"credit":"Made with Blockbench","textures":{"1":"emissary_set:emissary_set/pickaxe","2":"emissary_set:emissary_set/animation_1-sheet","particle":"emissary_set:emissary_set/animation_1-sheet"},"elements":[{"from":[7.5,0,7.5],"to":[8.5,1,8.5],"rotation":{"angle":-45,"axis":"x","origin":[8,0.5,8]},"faces":{"north":{"uv":[12,4,13,5],"texture":"#1"},"east":{"uv":[5,12,6,13],"texture":"#1"},"south":{"uv":[12,5,13,6],"texture":"#1"},"west":{"uv":[6,12,7,13],"texture":"#1"},"up":{"uv":[13,7,12,6],"texture":"#1"},"down":{"uv":[13,7,12,8],"texture":"#1"}}},{"from":[7.6,0.7,7.6],"to":[8.4,2.7,8.4],"rotation":{"angle":0,"axis":"x","origin":[8,1.2,8]},"faces":{"north":{"uv":[10,7,10.75,9],"texture":"#1"},"east":{"uv":[9,10,9.75,12],"texture":"#1"},"south":{"uv":[10,9,10.75,11],"texture":"#1"},"west":{"uv":[11,2,11.75,4],"texture":"#1"},"up":{"uv":[13.75,8.75,13,8],"texture":"#1"},"down":{"uv":[9.75,13,9,13.75],"texture":"#1"}}},{"from":[7.5,2.7,7.5],"to":[8.5,3.7,8.5],"rotation":{"angle":0,"axis":"x","origin":[8,3.2,8]},"faces":{"north":{"uv":[12,8,13,9],"texture":"#1"},"east":{"uv":[9,12,10,13],"texture":"#1"},"south":{"uv":[12,9,13,10],"texture":"#1"},"west":{"uv":[12,10,13,11],"texture":"#1"},"up":{"uv":[13,12,12,11],"texture":"#1"},"down":{"uv":[13,12,12,13],"texture":"#1"}}},{"from":[7.6,3.7,7.6],"to":[8.4,5.7,8.4],"rotation":{"angle":0,"axis":"x","origin":[8,4.2,8]},"faces":{"north":{"uv":[11,4,11.75,6],"texture":"#1"},"east":{"uv":[7,11,7.75,13],"texture":"#1"},"south":{"uv":[11,7,11.75,9],"texture":"#1"},"west":{"uv":[8,11,8.75,13],"texture":"#1"},"up":{"uv":[13.75,9.75,13,9],"texture":"#1"},"down":{"uv":[10.75,13,10,13.75],"texture":"#1"}}},{"from":[7.5,13.4,7.5],"to":[8.5,15.4,9.5],"rotation":{"angle":-45,"axis":"x","origin":[8,13.9,8]},"faces":{"north":{"uv":[2,10,3,12],"texture":"#1"},"east":{"uv":[4,6,6,8],"texture":"#1"},"south":{"uv":[10,2,11,4],"texture":"#1"},"west":{"uv":[6,6,8,8],"texture":"#1"},"up":{"uv":[4,12,3,10],"texture":"#1"},"down":{"uv":[7,10,6,12],"texture":"#1"}}},{"from":[7.325,13.6,7.7],"to":[8.675,15.2,9.3],"rotation":{"angle":-45,"axis":"x","origin":[7.975,13.9,8]},"faces":{"north":{"uv":[8,2,9.5,3.5],"texture":"#1"},"east":{"uv":[6,8,7.5,9.5],"texture":"#1"},"south":{"uv":[8,6,9.5,7.5],"texture":"#1"},"west":{"uv":[8,8,9.5,9.5],"texture":"#1"},"up":{"uv":[10.5,5.5,9,4],"texture":"#1"},"down":{"uv":[1.5,10,0,11.5],"texture":"#1"}}},{"from":[8.00035,13.02475,4.79289],"to":[8.00035,14.02475,5.79289],"rotation":{"angle":-45,"axis":"y","origin":[8.00035,14.02475,4.79289]},"faces":{"north":{"uv":[0,0,0,1],"texture":"#1"},"east":{"uv":[13,0,14,1],"texture":"#1"},"south":{"uv":[0,0,0,1],"texture":"#1"},"west":{"uv":[13,1,14,2],"texture":"#1"},"up":{"uv":[0,1,0,0],"texture":"#1"},"down":{"uv":[0,0,0,1],"texture":"#1"}}},{"from":[7.29325,13.02475,5.5],"to":[7.29325,14.02475,10.5],"rotation":{"angle":0,"axis":"z","origin":[7.29325,14.02475,5.5]},"faces":{"north":{"uv":[0,0,0,1],"texture":"#1"},"east":{"uv":[4,4,9,5],"texture":"#1"},"south":{"uv":[0,0,0,1],"texture":"#1"},"west":{"uv":[4,5,9,6],"texture":"#1"},"up":{"uv":[0,5,0,0],"texture":"#1"},"down":{"uv":[0,0,0,5],"texture":"#1"}}},{"from":[8.00035,13.02475,10.20711],"to":[8.00035,14.02475,11.20711],"rotation":{"angle":45,"axis":"y","origin":[8.00035,14.02475,11.20711]},"faces":{"north":{"uv":[0,0,0,1],"texture":"#1"},"east":{"uv":[13,2,14,3],"texture":"#1"},"south":{"uv":[0,0,0,1],"texture":"#1"},"west":{"uv":[13,3,14,4],"texture":"#1"},"up":{"uv":[0,1,0,0],"texture":"#1"},"down":{"uv":[0,0,0,1],"texture":"#1"}}},{"from":[7.99965,13.02475,4.79218],"to":[7.99965,14.02475,5.79218],"rotation":{"angle":45,"axis":"y","origin":[7.99965,14.02475,4.79218]},"faces":{"north":{"uv":[0,0,0,1],"texture":"#1"},"east":{"uv":[14,1,13,2],"texture":"#1"},"south":{"uv":[0,0,0,1],"texture":"#1"},"west":{"uv":[14,0,13,1],"texture":"#1"},"up":{"uv":[0,1,0,0],"texture":"#1"},"down":{"uv":[0,0,0,1],"texture":"#1"}}},{"from":[8.70675,13.02475,5.49929],"to":[8.70675,14.02475,10.49929],"rotation":{"angle":0,"axis":"z","origin":[8.70675,14.02475,5.49929]},"faces":{"north":{"uv":[0,0,0,1],"texture":"#1"},"east":{"uv":[9,5,4,6],"texture":"#1"},"south":{"uv":[0,0,0,1],"texture":"#1"},"west":{"uv":[9,4,4,5],"texture":"#1"},"up":{"uv":[0,5,0,0],"texture":"#1"},"down":{"uv":[0,0,0,5],"texture":"#1"}}},{"from":[7.99965,13.02475,10.2064],"to":[7.99965,14.02475,11.2064],"rotation":{"angle":-45,"axis":"y","origin":[7.99965,14.02475,11.2064]},"faces":{"north":{"uv":[0,0,0,1],"texture":"#1"},"east":{"uv":[14,3,13,4],"texture":"#1"},"south":{"uv":[0,0,0,1],"texture":"#1"},"west":{"uv":[14,2,13,3],"texture":"#1"},"up":{"uv":[0,1,0,0],"texture":"#1"},"down":{"uv":[0,0,0,1],"texture":"#1"}}},{"from":[7.5,5.7,7.5],"to":[8.5,11.7,8.5],"rotation":{"angle":0,"axis":"y","origin":[7.1,3.4,7.1]},"faces":{"north":{"uv":[0,4,1,10],"texture":"#1"},"east":{"uv":[1,4,2,10],"texture":"#1"},"south":{"uv":[2,4,3,10],"texture":"#1"},"west":{"uv":[3,4,4,10],"texture":"#1"},"up":{"uv":[14,5,13,4],"texture":"#1"},"down":{"uv":[6,13,5,14],"texture":"#1"}}},{"from":[7.6,11.7,7.6],"to":[8.4,13.7,8.4],"rotation":{"angle":0,"axis":"x","origin":[8,12.2,8]},"faces":{"north":{"uv":[11,9,11.75,11],"texture":"#1"},"east":{"uv":[10,11,10.75,13],"texture":"#1"},"south":{"uv":[11,11,11.75,13],"texture":"#1"},"west":{"uv":[0,12,0.75,14],"texture":"#1"},"up":{"uv":[13.75,10.75,13,10],"texture":"#1"},"down":{"uv":[11.75,13,11,13.75],"texture":"#1"}}},{"from":[7.6,14.1,3.15],"to":[8.4,15.1,7.15],"rotation":{"angle":0,"axis":"y","origin":[7.5,14,0.15]},"faces":{"north":{"uv":[13,6,13.75,7],"texture":"#1"},"east":{"uv":[8,0,12,1],"texture":"#1"},"south":{"uv":[7,13,7.75,14],"texture":"#1"},"west":{"uv":[8,1,12,2],"texture":"#1"},"up":{"uv":[4.75,12,4,8],"texture":"#1"},"down":{"uv":[5.75,8,5,12],"texture":"#1"}}},{"from":[7.61,13.53934,1.79645],"to":[8.39,14.53934,3.79645],"rotation":{"angle":-45,"axis":"x","origin":[8.01,14.03934,2.79645]},"faces":{"north":{"uv":[13,7,13.75,8],"texture":"#1"},"east":{"uv":[10,6,12,7],"texture":"#1"},"south":{"uv":[8,13,8.75,14],"texture":"#1"},"west":{"uv":[7,10,9,11],"texture":"#1"},"up":{"uv":[12.75,2,12,0],"texture":"#1"},"down":{"uv":[1.75,12,1,14],"texture":"#1"}}},{"from":[7.5,14,3.8],"to":[8.5,15.5,4.8],"rotation":{"angle":0,"axis":"y","origin":[7.5,7,0]},"faces":{"north":{"uv":[2,12,3,13.5],"texture":"#1"},"east":{"uv":[12,2,13,3.5],"texture":"#1"},"south":{"uv":[3,12,4,13.5],"texture":"#1"},"west":{"uv":[4,12,5,13.5],"texture":"#1"},"up":{"uv":[14,6,13,5],"texture":"#1"},"down":{"uv":[7,13,6,14],"texture":"#1"}}},{"from":[7.5,14,5.4],"to":[8.5,15.5,6.4],"rotation":{"angle":0,"axis":"y","origin":[7.5,7,1.6]},"faces":{"north":{"uv":[2,12,3,13.5],"texture":"#1"},"east":{"uv":[12,2,13,3.5],"texture":"#1"},"south":{"uv":[3,12,4,13.5],"texture":"#1"},"west":{"uv":[4,12,5,13.5],"texture":"#1"},"up":{"uv":[14,6,13,5],"texture":"#1"},"down":{"uv":[7,13,6,14],"texture":"#1"}}},{"from":[8,10.9,0],"to":[8,14.9,8],"rotation":{"angle":0,"axis":"y","origin":[8,11.9,0]},"faces":{"north":{"uv":[0,0,0,4],"texture":"#1"},"east":{"uv":[8,0,0,4],"texture":"#1"},"south":{"uv":[0,0,0,4],"texture":"#1"},"west":{"uv":[0,0,8,4],"texture":"#1"},"up":{"uv":[0,8,0,0],"texture":"#1"},"down":{"uv":[0,0,0,8],"texture":"#1"}}},{"from":[7.5,14,9.6],"to":[8.5,15.5,10.6],"rotation":{"angle":0,"axis":"y","origin":[7.5,7,14.4]},"faces":{"north":{"uv":[4,12,3,13.5],"texture":"#1"},"east":{"uv":[13,2,12,3.5],"texture":"#1"},"south":{"uv":[3,12,2,13.5],"texture":"#1"},"west":{"uv":[5,12,4,13.5],"texture":"#1"},"up":{"uv":[14,5,13,6],"texture":"#1"},"down":{"uv":[7,14,6,13],"texture":"#1"}}},{"from":[7.5,14,11.2],"to":[8.5,15.5,12.2],"rotation":{"angle":0,"axis":"y","origin":[7.5,7,16]},"faces":{"north":{"uv":[4,12,3,13.5],"texture":"#1"},"east":{"uv":[13,2,12,3.5],"texture":"#1"},"south":{"uv":[3,12,2,13.5],"texture":"#1"},"west":{"uv":[5,12,4,13.5],"texture":"#1"},"up":{"uv":[14,5,13,6],"texture":"#1"},"down":{"uv":[7,14,6,13],"texture":"#1"}}},{"from":[7.6,14.1,8.85],"to":[8.4,15.1,12.85],"rotation":{"angle":0,"axis":"y","origin":[7.5,14,15.85]},"faces":{"north":{"uv":[7.75,13,7,14],"texture":"#1"},"east":{"uv":[12,0,8,1],"texture":"#1"},"south":{"uv":[13.75,6,13,7],"texture":"#1"},"west":{"uv":[12,1,8,2],"texture":"#1"},"up":{"uv":[4.75,8,4,12],"texture":"#1"},"down":{"uv":[5.75,12,5,8],"texture":"#1"}}},{"from":[7.61,13.53934,12.20355],"to":[8.39,14.53934,14.20355],"rotation":{"angle":45,"axis":"x","origin":[8.01,14.03934,13.20355]},"faces":{"north":{"uv":[8.75,13,8,14],"texture":"#1"},"east":{"uv":[12,6,10,7],"texture":"#1"},"south":{"uv":[13.75,7,13,8],"texture":"#1"},"west":{"uv":[9,10,7,11],"texture":"#1"},"up":{"uv":[12.75,0,12,2],"texture":"#1"},"down":{"uv":[1.75,14,1,12],"texture":"#1"}}},{"from":[8,10.9,8],"to":[8,14.9,16],"rotation":{"angle":0,"axis":"y","origin":[8,11.9,16]},"faces":{"north":{"uv":[0,0,0,4],"texture":"#1"},"east":{"uv":[0,0,8,4],"texture":"#1"},"south":{"uv":[0,0,0,4],"texture":"#1"},"west":{"uv":[8,0,0,4],"texture":"#1"},"up":{"uv":[0,0,0,8],"texture":"#1"},"down":{"uv":[0,8,0,0],"texture":"#1"}}},{"from":[4.5,10.9,8],"to":[11.5,17.9,8],"rotation":{"angle":45,"axis":"y","origin":[8,14.4,8]},"faces":{"north":{"uv":[14,0,0,14],"texture":"#2"},"east":{"uv":[0,0,0,7],"texture":"#2"},"south":{"uv":[0,0,14,14],"texture":"#2"},"west":{"uv":[0,0,0,7],"texture":"#2"},"up":{"uv":[0,7,0,0],"rotation":270,"texture":"#2"},"down":{"uv":[0,0,0,7],"rotation":90,"texture":"#2"}}},{"from":[4.5,10.9,8],"to":[11.5,17.9,8],"rotation":{"angle":-45,"axis":"y","origin":[8,14.4,8]},"faces":{"north":{"uv":[14,0,0,14],"rotation":180,"texture":"#2"},"east":{"uv":[0,0,0,7],"rotation":180,"texture":"#2"},"south":{"uv":[0,0,14,14],"rotation":180,"texture":"#2"},"west":{"uv":[0,0,0,7],"rotation":180,"texture":"#2"},"up":{"uv":[0,0,0,7],"rotation":270,"texture":"#2"},"down":{"uv":[0,7,0,0],"rotation":90,"texture":"#2"}}}],"gui_light":"front","display":{"thirdperson_righthand":{"translation":[0,2.5,1.5]},"thirdperson_lefthand":{"translation":[0,2.5,1.5]},"firstperson_righthand":{"rotation":[-10,0,0],"translation":[0,2.75,0]},"firstperson_lefthand":{"rotation":[-10,0,0],"translation":[0,2.75,0]},"ground":{"rotation":[0,0,-77],"translation":[0,-0.5,0],"scale":[1.07813,1.07813,1.07813]},"gui":{"rotation":[90,-135,90],"translation":[-1.25,-1.25,0],"scale":[0.8,0.8,0.8]},"head":{"scale":[0,0,0]},"fixed":{"rotation":[-90,90,90],"translation":[0,-0.25,-2.25],"scale":[2.05195,2.05195,2.05195]}}}