{
	"credit": "Made with Blockbench",
	"texture_size": [20, 20],
	"textures": {
		"0": "emissary_set:emissary_set/shield",
		"1": "emissary_set:emissary_set/animation_1-sheet",
		"particle": "emissary_set:emissary_set/shield"
	},
	"elements": [
		{
			"from": [7, 2.96967, 6.90355],
			"to": [9, 4.96967, 7.90355],
			"rotation": {"angle": -45, "axis": "z", "origin": [8, 3.96967, 7.40355]},
			"faces": {
				"north": {"uv": [9.6, 0.8, 11.2, 2.4], "texture": "#0"},
				"east": {"uv": [11.2, 0.8, 12, 2.4], "texture": "#0"},
				"south": {"uv": [11.2, 0.8, 9.6, 2.4], "texture": "#0"},
				"west": {"uv": [11.2, 2.4, 12, 4], "texture": "#0"},
				"up": {"uv": [12, 5.6, 11.2, 4], "rotation": 90, "texture": "#0"},
				"down": {"uv": [12, 5.6, 11.2, 7.2], "rotation": 270, "texture": "#0"}
			}
		},
		{
			"from": [6.6, 3.96967, 6.91605],
			"to": [9.4, 10.96967, 7.89105],
			"rotation": {"angle": 0, "axis": "x", "origin": [7.5, 4.96967, 7.39105]},
			"faces": {
				"north": {"uv": [7.2, 0, 9.4, 5.6], "texture": "#0"},
				"east": {"uv": [5.6, 8, 6.4, 13.6], "texture": "#0"},
				"south": {"uv": [9.4, 0, 7.2, 5.6], "texture": "#0"},
				"west": {"uv": [6.4, 8, 7.2, 13.6], "texture": "#0"},
				"up": {"uv": [8.8, 12.6, 8, 10.4], "rotation": 90, "texture": "#0"},
				"down": {"uv": [9.6, 10.4, 8.8, 12.6], "rotation": 270, "texture": "#0"}
			}
		},
		{
			"from": [6, 9.96967, 6.90355],
			"to": [9, 12.96967, 7.90355],
			"rotation": {"angle": -45, "axis": "z", "origin": [8, 10.96967, 7.40355]},
			"faces": {
				"north": {"uv": [7.2, 5.6, 9.6, 8], "texture": "#0"},
				"east": {"uv": [0, 10.4, 0.8, 12.8], "texture": "#0"},
				"south": {"uv": [9.6, 5.6, 7.2, 8], "texture": "#0"},
				"west": {"uv": [0.8, 10.4, 1.6, 12.8], "texture": "#0"},
				"up": {"uv": [2.4, 12.8, 1.6, 10.4], "rotation": 90, "texture": "#0"},
				"down": {"uv": [3.2, 10.4, 2.4, 12.8], "rotation": 270, "texture": "#0"}
			}
		},
		{
			"from": [6.3, 10.26967, 6.70355],
			"to": [8.7, 12.66967, 8.10355],
			"rotation": {"angle": -45, "axis": "z", "origin": [8, 10.96967, 7.40355]},
			"faces": {
				"north": {"uv": [7.2, 8, 9.2, 10], "texture": "#0"},
				"east": {"uv": [9.6, 2.4, 10.8, 4.4], "texture": "#0"},
				"south": {"uv": [9.2, 8, 7.2, 10], "texture": "#0"},
				"west": {"uv": [9.6, 4.8, 10.8, 6.8], "texture": "#0"},
				"up": {"uv": [10.8, 9.2, 9.6, 7.2], "rotation": 90, "texture": "#0"},
				"down": {"uv": [10.8, 9.6, 9.6, 11.6], "rotation": 270, "texture": "#0"}
			}
		},
		{
			"from": [9.24264, 9.96967, 6.90355],
			"to": [11.24264, 10.96967, 7.90355],
			"rotation": {"angle": -45, "axis": "z", "origin": [12.24264, 10.96967, 7.40355]},
			"faces": {
				"north": {"uv": [11.2, 8, 12.8, 8.8], "texture": "#0"},
				"east": {"uv": [10.4, 12, 11.2, 12.8], "texture": "#0"},
				"south": {"uv": [11.2, 7.2, 12.8, 8], "texture": "#0"},
				"west": {"uv": [12, 10.4, 12.8, 11.2], "texture": "#0"},
				"up": {"uv": [12, 10.4, 11.2, 8.8], "rotation": 90, "texture": "#0"},
				"down": {"uv": [12, 10.4, 11.2, 12], "rotation": 270, "texture": "#0"}
			}
		},
		{
			"from": [10.82843, 10.96967, 6.91605],
			"to": [11.82843, 11.96967, 7.89105],
			"rotation": {"angle": 0, "axis": "x", "origin": [11.82843, 11.96967, 7.39105]},
			"faces": {
				"north": {"uv": [0, 12.8, 0.8, 13.6], "texture": "#0"},
				"east": {"uv": [11.2, 12, 12, 12.8], "texture": "#0"},
				"south": {"uv": [12, 11.2, 12.8, 12], "texture": "#0"},
				"west": {"uv": [12, 12, 12.8, 12.8], "texture": "#0"},
				"up": {"uv": [1.6, 13.6, 0.8, 12.8], "rotation": 90, "texture": "#0"},
				"down": {"uv": [2.4, 12.8, 1.6, 13.6], "rotation": 270, "texture": "#0"}
			}
		},
		{
			"from": [11.49041, 10.22258, 6.87355],
			"to": [12.55041, 11.91858, 7.93355],
			"rotation": {"angle": -22.5, "axis": "z", "origin": [12.99541, 10.95858, 7.40355]},
			"faces": {
				"north": {"uv": [9.6, 12, 10.4, 13.4], "texture": "#0"},
				"east": {"uv": [12, 4, 12.8, 5.4], "texture": "#0"},
				"south": {"uv": [12, 5.6, 12.8, 7], "texture": "#0"},
				"west": {"uv": [12, 8.8, 12.8, 10.2], "texture": "#0"},
				"up": {"uv": [3.2, 13.6, 2.4, 12.8], "rotation": 90, "texture": "#0"},
				"down": {"uv": [13.6, 4, 12.8, 4.8], "rotation": 270, "texture": "#0"}
			}
		},
		{
			"from": [4.75736, 9.96967, 6.90355],
			"to": [6.75736, 10.96967, 7.90355],
			"rotation": {"angle": 45, "axis": "z", "origin": [3.75736, 10.96967, 7.40355]},
			"faces": {
				"north": {"uv": [12.8, 8, 11.2, 8.8], "texture": "#0"},
				"east": {"uv": [12.8, 10.4, 12, 11.2], "texture": "#0"},
				"south": {"uv": [12.8, 7.2, 11.2, 8], "texture": "#0"},
				"west": {"uv": [11.2, 12, 10.4, 12.8], "texture": "#0"},
				"up": {"uv": [12, 8.8, 11.2, 10.4], "rotation": 90, "texture": "#0"},
				"down": {"uv": [12, 12, 11.2, 10.4], "rotation": 270, "texture": "#0"}
			}
		},
		{
			"from": [4.17157, 10.96967, 6.91605],
			"to": [5.17157, 11.96967, 7.89105],
			"rotation": {"angle": 0, "axis": "x", "origin": [4.17157, 11.96967, 7.39105]},
			"faces": {
				"north": {"uv": [0.8, 12.8, 0, 13.6], "texture": "#0"},
				"east": {"uv": [12.8, 12, 12, 12.8], "texture": "#0"},
				"south": {"uv": [12.8, 11.2, 12, 12], "texture": "#0"},
				"west": {"uv": [12, 12, 11.2, 12.8], "texture": "#0"},
				"up": {"uv": [1.6, 12.8, 0.8, 13.6], "rotation": 90, "texture": "#0"},
				"down": {"uv": [2.4, 13.6, 1.6, 12.8], "rotation": 270, "texture": "#0"}
			}
		},
		{
			"from": [3.44959, 10.22258, 6.87355],
			"to": [4.50959, 11.91858, 7.93355],
			"rotation": {"angle": 22.5, "axis": "z", "origin": [3.00459, 10.95858, 7.40355]},
			"faces": {
				"north": {"uv": [10.4, 12, 9.6, 13.4], "texture": "#0"},
				"east": {"uv": [12.8, 8.8, 12, 10.2], "texture": "#0"},
				"south": {"uv": [12.8, 5.6, 12, 7], "texture": "#0"},
				"west": {"uv": [12.8, 4, 12, 5.4], "texture": "#0"},
				"up": {"uv": [3.2, 12.8, 2.4, 13.6], "rotation": 90, "texture": "#0"},
				"down": {"uv": [13.6, 4.8, 12.8, 4], "rotation": 270, "texture": "#0"}
			}
		},
		{
			"from": [4.5, -1.03033, 7.40355],
			"to": [11.5, 11.76967, 7.40355],
			"rotation": {"angle": 0, "axis": "y", "origin": [11.5, 0.96967, 7.40355]},
			"faces": {
				"north": {"uv": [0, 0, 5.6, 10.2], "texture": "#0"},
				"east": {"uv": [0, 0, 0, 10.2], "texture": "#0"},
				"south": {"uv": [5.6, 0, 0, 10.2], "texture": "#0"},
				"west": {"uv": [0, 0, 0, 10.2], "texture": "#0"},
				"up": {"uv": [0, 5.6, 0, 0], "rotation": 90, "texture": "#0"},
				"down": {"uv": [0, 0, 0, 5.6], "rotation": 270, "texture": "#0"}
			}
		},
		{
			"from": [11.5765, 1.96967, 7.02095],
			"to": [13.5765, 11.76967, 7.02095],
			"rotation": {"angle": -22.5, "axis": "y", "origin": [10.5765, 0.96967, 7.02095]},
			"faces": {
				"north": {"uv": [5.6, 0, 7.2, 7.8], "texture": "#0"},
				"east": {"uv": [0, 0, 0, 7.8], "texture": "#0"},
				"south": {"uv": [7.2, 0, 5.6, 7.8], "texture": "#0"},
				"west": {"uv": [0, 0, 0, 7.8], "texture": "#0"},
				"up": {"uv": [0, 1.6, 0, 0], "rotation": 90, "texture": "#0"},
				"down": {"uv": [0, 0, 0, 1.6], "rotation": 270, "texture": "#0"}
			}
		},
		{
			"from": [2.4235, 1.96967, 7.02095],
			"to": [4.4235, 11.76967, 7.02095],
			"rotation": {"angle": 22.5, "axis": "y", "origin": [5.4235, 0.96967, 7.02095]},
			"faces": {
				"north": {"uv": [7.2, 0, 5.6, 7.8], "texture": "#0"},
				"east": {"uv": [0, 0, 0, 7.8], "texture": "#0"},
				"south": {"uv": [5.6, 0, 7.2, 7.8], "texture": "#0"},
				"west": {"uv": [0, 0, 0, 7.8], "texture": "#0"},
				"up": {"uv": [0, 0, 0, 1.6], "rotation": 90, "texture": "#0"},
				"down": {"uv": [0, 1.6, 0, 0], "rotation": 270, "texture": "#0"}
			}
		},
		{
			"from": [11.20711, 7.96967, 6.40355],
			"to": [11.20711, 8.96967, 7.40355],
			"rotation": {"angle": 45, "axis": "y", "origin": [11.20711, 7.96967, 7.40355]},
			"faces": {
				"north": {"uv": [0, 0, 0, 0.8], "texture": "#0"},
				"east": {"uv": [12.8, 4.8, 13.6, 5.6], "texture": "#0"},
				"south": {"uv": [0, 0, 0, 0.8], "texture": "#0"},
				"west": {"uv": [13.6, 4.8, 12.8, 5.6], "texture": "#0"},
				"up": {"uv": [0.8, 0, 0, 0], "rotation": 90, "texture": "#0"},
				"down": {"uv": [0.8, 0, 0, 0], "rotation": 270, "texture": "#0"}
			}
		},
		{
			"from": [4.79289, 7.96967, 6.40355],
			"to": [4.79289, 8.96967, 7.40355],
			"rotation": {"angle": -45, "axis": "y", "origin": [4.79289, 7.96967, 7.40355]},
			"faces": {
				"north": {"uv": [0, 0, 0, 0.8], "texture": "#0"},
				"east": {"uv": [12.8, 4.8, 13.6, 5.6], "texture": "#0"},
				"south": {"uv": [0, 0, 0, 0.8], "texture": "#0"},
				"west": {"uv": [13.6, 4.8, 12.8, 5.6], "texture": "#0"},
				"up": {"uv": [0.8, 0, 0, 0], "rotation": 90, "texture": "#0"},
				"down": {"uv": [0.8, 0, 0, 0], "rotation": 270, "texture": "#0"}
			}
		},
		{
			"from": [5.5, 7.96967, 6.69645],
			"to": [10.5, 8.96967, 6.69645],
			"rotation": {"angle": 0, "axis": "y", "origin": [10.5, 7.96967, 6.69645]},
			"faces": {
				"north": {"uv": [9.6, 0, 13.6, 0.8], "texture": "#0"},
				"east": {"uv": [0, 0, 0, 0.8], "texture": "#0"},
				"south": {"uv": [9.6, 0, 13.6, 0.8], "texture": "#0"},
				"west": {"uv": [0, 0, 0, 0.8], "texture": "#0"},
				"up": {"uv": [0, 4, 0, 0], "rotation": 90, "texture": "#0"},
				"down": {"uv": [0, 0, 0, 4], "rotation": 270, "texture": "#0"}
			}
		},
		{
			"from": [4.79289, 5.96967, 6.40355],
			"to": [4.79289, 6.96967, 7.40355],
			"rotation": {"angle": -45, "axis": "y", "origin": [4.79289, 5.96967, 7.40355]},
			"faces": {
				"north": {"uv": [0, 0, 0, 0.8], "texture": "#0"},
				"east": {"uv": [12.8, 4.8, 13.6, 5.6], "texture": "#0"},
				"south": {"uv": [0, 0, 0, 0.8], "texture": "#0"},
				"west": {"uv": [13.6, 4.8, 12.8, 5.6], "texture": "#0"},
				"up": {"uv": [0.8, 0, 0, 0], "rotation": 90, "texture": "#0"},
				"down": {"uv": [0.8, 0, 0, 0], "rotation": 270, "texture": "#0"}
			}
		},
		{
			"from": [5.5, 5.96967, 6.69645],
			"to": [10.5, 6.96967, 6.69645],
			"rotation": {"angle": 0, "axis": "y", "origin": [10.5, 5.96967, 6.69645]},
			"faces": {
				"north": {"uv": [9.6, 0, 13.6, 0.8], "texture": "#0"},
				"east": {"uv": [0, 0, 0, 0.8], "texture": "#0"},
				"south": {"uv": [9.6, 0, 13.6, 0.8], "texture": "#0"},
				"west": {"uv": [0, 0, 0, 0.8], "texture": "#0"},
				"up": {"uv": [0, 4, 0, 0], "rotation": 90, "texture": "#0"},
				"down": {"uv": [0, 0, 0, 4], "rotation": 270, "texture": "#0"}
			}
		},
		{
			"from": [11.20711, 5.96967, 6.40355],
			"to": [11.20711, 6.96967, 7.40355],
			"rotation": {"angle": 45, "axis": "y", "origin": [11.20711, 5.96967, 7.40355]},
			"faces": {
				"north": {"uv": [0, 0, 0, 0.8], "texture": "#0"},
				"east": {"uv": [12.8, 4.8, 13.6, 5.6], "texture": "#0"},
				"south": {"uv": [0, 0, 0, 0.8], "texture": "#0"},
				"west": {"uv": [13.6, 4.8, 12.8, 5.6], "texture": "#0"},
				"up": {"uv": [0.8, 0, 0, 0], "rotation": 90, "texture": "#0"},
				"down": {"uv": [0.8, 0, 0, 0], "rotation": 270, "texture": "#0"}
			}
		},
		{
			"from": [7.5, 8.96967, 7.80355],
			"to": [8.5, 9.96967, 9.80355],
			"rotation": {"angle": 0, "axis": "y", "origin": [8.5, 8.96967, 7.80355]},
			"faces": {
				"north": {"uv": [12.8, 6.4, 13.6, 7.2], "texture": "#0"},
				"east": {"uv": [12, 0.8, 13.6, 1.6], "texture": "#0"},
				"south": {"uv": [12.8, 5.6, 13.6, 6.4], "texture": "#0"},
				"west": {"uv": [12, 1.6, 13.6, 2.4], "texture": "#0"},
				"up": {"uv": [13.6, 3.2, 12, 2.4], "rotation": 90, "texture": "#0"},
				"down": {"uv": [13.6, 3.2, 12, 4], "rotation": 270, "texture": "#0"}
			}
		},
		{
			"from": [7.5, 3.96967, 7.80355],
			"to": [8.5, 4.96967, 9.80355],
			"rotation": {"angle": 0, "axis": "y", "origin": [8.5, 4.96967, 7.80355]},
			"faces": {
				"north": {"uv": [12.8, 7.2, 13.6, 6.4], "texture": "#0"},
				"east": {"uv": [12, 1.6, 13.6, 0.8], "texture": "#0"},
				"south": {"uv": [12.8, 6.4, 13.6, 5.6], "texture": "#0"},
				"west": {"uv": [12, 2.4, 13.6, 1.6], "texture": "#0"},
				"up": {"uv": [13.6, 4, 12, 3.2], "rotation": 90, "texture": "#0"},
				"down": {"uv": [13.6, 2.4, 12, 3.2], "rotation": 270, "texture": "#0"}
			}
		},
		{
			"from": [7.6, 4.96967, 8.90355],
			"to": [8.4, 8.96967, 9.70355],
			"rotation": {"angle": 0, "axis": "y", "origin": [8.5, 4.96967, 7.80355]},
			"faces": {
				"north": {"uv": [7.2, 10.4, 7.8, 13.6], "texture": "#0"},
				"east": {"uv": [3.2, 10.4, 3.8, 13.6], "texture": "#0"},
				"south": {"uv": [4, 10.4, 4.6, 13.6], "texture": "#0"},
				"west": {"uv": [4.8, 10.4, 5.4, 13.6], "texture": "#0"},
				"up": {"uv": [13.4, 7.8, 12.8, 7.2], "rotation": 90, "texture": "#0"},
				"down": {"uv": [8.6, 12.8, 8, 13.4], "rotation": 270, "texture": "#0"}
			}
		},
		{
			"from": [4.5, 8.2, 6.5],
			"to": [11.5, 15.2, 6.5],
			"rotation": {"angle": -45, "axis": "z", "origin": [8, 11.7, 6.5]},
			"faces": {
				"north": {"uv": [14.1, 0, 0, 14.1], "rotation": 270, "texture": "#1"},
				"east": {"uv": [0, 5.6, 0, 0], "texture": "#1"},
				"south": {"uv": [0, 0, 14.1, 14.1], "rotation": 90, "texture": "#1"},
				"west": {"uv": [0, 0, 0, 5.6], "rotation": 180, "texture": "#1"},
				"up": {"uv": [0, 0, 0, 5.6], "rotation": 90, "texture": "#1"},
				"down": {"uv": [0, 0, 0, 5.6], "rotation": 90, "texture": "#1"}
			}
		}
	],
	"gui_light": "front",
	"display": {
		"thirdperson_righthand": {
			"rotation": [0, -90, 0],
			"translation": [3.25, -1, 1.75],
			"scale": [1.25, 1.25, 1.25]
		},
		"thirdperson_lefthand": {
			"rotation": [0, -90, 0],
			"translation": [3.25, -1, 1.75],
			"scale": [1.25, 1.25, 1.25]
		},
		"firstperson_righthand": {
			"rotation": [0, 0, 11.25],
			"translation": [-6.5, 4.25, 3]
		},
		"firstperson_lefthand": {
			"rotation": [0, 0, 11.25],
			"translation": [-6.5, 4.25, 3]
		},
		"ground": {
			"rotation": [63.37, 10.15, 8],
			"translation": [0, 2.25, 0],
			"scale": [1.17383, 1.17383, 1.17383]
		},
		"gui": {
			"rotation": [0, -180, 0],
			"translation": [0, 1.75, 0]
		},
		"head": {
			"scale": [0, 0, 0]
		},
		"fixed": {
			"translation": [0, 6.25, -3],
			"scale": [2.47461, 2.47461, 2.47461]
		}
	}
}