{"credit":"Made with Blockbench","textures":{"1":"emissary_set:emissary_set/animation_1-sheet","2":"emissary_set:emissary_set/shovel","particle":"emissary_set:emissary_set/shovel"},"elements":[{"from":[7.5,0,7.5],"to":[8.5,1,8.5],"rotation":{"angle":-45,"axis":"x","origin":[8,0.5,8]},"faces":{"north":{"uv":[9,2,10,3],"texture":"#2"},"east":{"uv":[4,13,5,14],"texture":"#2"},"south":{"uv":[13,6,14,7],"texture":"#2"},"west":{"uv":[13,7,14,8],"texture":"#2"},"up":{"uv":[14,9,13,8],"texture":"#2"},"down":{"uv":[10,13,9,14],"texture":"#2"}}},{"from":[7.6,0.7,7.6],"to":[8.4,2.7,8.4],"rotation":{"angle":0,"axis":"x","origin":[8,1.2,8]},"faces":{"north":{"uv":[11,9,11.75,11],"texture":"#2"},"east":{"uv":[11,11,11.75,13],"texture":"#2"},"south":{"uv":[0,12,0.75,14],"texture":"#2"},"west":{"uv":[12,0,12.75,2],"texture":"#2"},"up":{"uv":[14.75,7.75,14,7],"texture":"#2"},"down":{"uv":[14.75,8,14,8.75],"texture":"#2"}}},{"from":[7.5,2.7,7.5],"to":[8.5,3.7,8.5],"rotation":{"angle":0,"axis":"x","origin":[8,3.2,8]},"faces":{"north":{"uv":[13,9,14,10],"texture":"#2"},"east":{"uv":[13,10,14,11],"texture":"#2"},"south":{"uv":[11,13,12,14],"texture":"#2"},"west":{"uv":[13,11,14,12],"texture":"#2"},"up":{"uv":[13,14,12,13],"texture":"#2"},"down":{"uv":[14,12,13,13],"texture":"#2"}}},{"from":[7.6,3.7,7.6],"to":[8.4,5.7,8.4],"rotation":{"angle":0,"axis":"x","origin":[8,4.2,8]},"faces":{"north":{"uv":[1,12,1.75,14],"texture":"#2"},"east":{"uv":[12,2,12.75,4],"texture":"#2"},"south":{"uv":[12,4,12.75,6],"texture":"#2"},"west":{"uv":[6,12,6.75,14],"texture":"#2"},"up":{"uv":[9.75,14.75,9,14],"texture":"#2"},"down":{"uv":[14.75,9,14,9.75],"texture":"#2"}}},{"from":[7.47,11.42757,7.47],"to":[8.53,13.54757,9.59],"rotation":{"angle":-45,"axis":"x","origin":[8,11.95757,8]},"faces":{"north":{"uv":[10,8,11,10],"texture":"#2"},"east":{"uv":[6,3,8,5],"texture":"#2"},"south":{"uv":[10,10,11,12],"texture":"#2"},"west":{"uv":[6,5,8,7],"texture":"#2"},"up":{"uv":[12,2,11,0],"texture":"#2"},"down":{"uv":[3,11,2,13],"texture":"#2"}}},{"from":[7.258,11.63957,7.682],"to":[8.742,13.33557,9.378],"rotation":{"angle":-45,"axis":"x","origin":[8,11.95757,8]},"faces":{"north":{"uv":[9,0,10.5,1.75],"texture":"#2"},"east":{"uv":[8,3,9.75,4.75],"texture":"#2"},"south":{"uv":[10,2,11.5,3.75],"texture":"#2"},"west":{"uv":[8,5,9.75,6.75],"texture":"#2"},"up":{"uv":[11.5,5.75,10,4],"texture":"#2"},"down":{"uv":[11.5,6,10,7.75],"texture":"#2"}}},{"from":[5.20225,6.05698,7.5],"to":[5.20225,7.05698,8.5],"rotation":{"angle":45,"axis":"z","origin":[7.09502,8.69975,8]},"faces":{"north":{"uv":[0,0,0,1],"texture":"#2"},"east":{"uv":[13,13,14,14],"texture":"#2"},"south":{"uv":[0,0,0,1],"texture":"#2"},"west":{"uv":[0,14,1,15],"texture":"#2"},"up":{"uv":[0,1,0,0],"texture":"#2"},"down":{"uv":[0,0,0,1],"texture":"#2"}}},{"from":[6.91825,6.19975,7.5],"to":[6.91825,11.19975,8.5],"rotation":{"angle":0,"axis":"z","origin":[7.09502,8.69975,8]},"faces":{"north":{"uv":[0,0,0,5],"texture":"#2"},"east":{"uv":[2,6,3,11],"texture":"#2"},"south":{"uv":[0,0,0,5],"texture":"#2"},"west":{"uv":[3,6,4,11],"texture":"#2"},"up":{"uv":[0,1,0,0],"texture":"#2"},"down":{"uv":[0,0,0,1],"texture":"#2"}}},{"from":[5.20225,10.34252,7.5],"to":[5.20225,11.34252,8.5],"rotation":{"angle":-45,"axis":"z","origin":[7.09502,8.69975,8]},"faces":{"north":{"uv":[0,0,0,1],"texture":"#2"},"east":{"uv":[14,0,15,1],"texture":"#2"},"south":{"uv":[0,0,0,1],"texture":"#2"},"west":{"uv":[1,14,2,15],"texture":"#2"},"up":{"uv":[0,1,0,0],"texture":"#2"},"down":{"uv":[0,0,0,1],"texture":"#2"}}},{"from":[10.79775,10.34252,7.5],"to":[10.79775,11.34252,8.5],"rotation":{"angle":45,"axis":"z","origin":[8.90498,8.69975,8]},"faces":{"north":{"uv":[0,0,0,1],"texture":"#2"},"east":{"uv":[2,14,1,15],"texture":"#2"},"south":{"uv":[0,0,0,1],"texture":"#2"},"west":{"uv":[15,0,14,1],"texture":"#2"},"up":{"uv":[0,1,0,0],"texture":"#2"},"down":{"uv":[0,0,0,1],"texture":"#2"}}},{"from":[9.08175,6.19975,7.5],"to":[9.08175,11.19975,8.5],"rotation":{"angle":0,"axis":"z","origin":[8.90498,8.69975,8]},"faces":{"north":{"uv":[0,0,0,5],"texture":"#2"},"east":{"uv":[4,6,3,11],"texture":"#2"},"south":{"uv":[0,0,0,5],"texture":"#2"},"west":{"uv":[3,6,2,11],"texture":"#2"},"up":{"uv":[0,1,0,0],"texture":"#2"},"down":{"uv":[0,0,0,1],"texture":"#2"}}},{"from":[10.79775,6.05698,7.5],"to":[10.79775,7.05698,8.5],"rotation":{"angle":-45,"axis":"z","origin":[8.90498,8.69975,8]},"faces":{"north":{"uv":[0,0,0,1],"texture":"#2"},"east":{"uv":[1,14,0,15],"texture":"#2"},"south":{"uv":[0,0,0,1],"texture":"#2"},"west":{"uv":[14,13,13,14],"texture":"#2"},"up":{"uv":[0,1,0,0],"texture":"#2"},"down":{"uv":[0,0,0,1],"texture":"#2"}}},{"from":[7.5,5.7,7.5],"to":[8.5,11.7,8.5],"rotation":{"angle":0,"axis":"y","origin":[7.1,3.4,7.1]},"faces":{"north":{"uv":[4,3,5,9],"texture":"#2"},"east":{"uv":[5,3,6,9],"texture":"#2"},"south":{"uv":[0,6,1,12],"texture":"#2"},"west":{"uv":[1,6,2,12],"texture":"#2"},"up":{"uv":[15,2,14,1],"texture":"#2"},"down":{"uv":[15,3,14,4],"texture":"#2"}}},{"from":[7.6,13.97487,5.44027],"to":[8.4,14.97487,7.44027],"rotation":{"angle":45,"axis":"x","origin":[8,14.47487,5.44027]},"faces":{"north":{"uv":[14,6,14.75,7],"texture":"#2"},"east":{"uv":[6,11,8,12],"texture":"#2"},"south":{"uv":[7,14,7.75,15],"texture":"#2"},"west":{"uv":[11,8,13,9],"texture":"#2"},"up":{"uv":[12.75,13,12,11],"texture":"#2"},"down":{"uv":[13.75,0,13,2],"texture":"#2"}}},{"from":[7.61,14.12132,5.08672],"to":[8.39,18.12132,6.08672],"rotation":{"angle":0,"axis":"x","origin":[8.01,15.12132,5.58672]},"faces":{"north":{"uv":[8,7,8.75,11],"texture":"#2"},"east":{"uv":[6,7,7,11],"texture":"#2"},"south":{"uv":[4,9,4.75,13],"texture":"#2"},"west":{"uv":[7,7,8,11],"texture":"#2"},"up":{"uv":[14.75,6,14,5],"texture":"#2"},"down":{"uv":[6.75,14,6,15],"texture":"#2"}}},{"from":[7.61,14.12132,9.91328],"to":[8.39,18.12132,10.91328],"rotation":{"angle":0,"axis":"x","origin":[8.01,15.12132,10.41328]},"faces":{"north":{"uv":[4.75,9,4,13],"texture":"#2"},"east":{"uv":[7,7,6,11],"texture":"#2"},"south":{"uv":[8.75,7,8,11],"texture":"#2"},"west":{"uv":[8,7,7,11],"texture":"#2"},"up":{"uv":[14.75,5,14,6],"texture":"#2"},"down":{"uv":[6.75,15,6,14],"texture":"#2"}}},{"from":[7.6,13.97487,8.55973],"to":[8.4,14.97487,10.55973],"rotation":{"angle":-45,"axis":"x","origin":[8,14.47487,10.55973]},"faces":{"north":{"uv":[7.75,14,7,15],"texture":"#2"},"east":{"uv":[8,11,6,12],"texture":"#2"},"south":{"uv":[14.75,6,14,7],"texture":"#2"},"west":{"uv":[13,8,11,9],"texture":"#2"},"up":{"uv":[12.75,11,12,13],"texture":"#2"},"down":{"uv":[13.75,2,13,0],"texture":"#2"}}},{"from":[7.5,12.4,5.3],"to":[8.5,13.9,6.3],"rotation":{"angle":45,"axis":"x","origin":[8,13.15,5.8]},"faces":{"north":{"uv":[12,9,13,10.5],"rotation":180,"texture":"#2"},"east":{"uv":[7,12,8,13.5],"rotation":180,"texture":"#2"},"south":{"uv":[12,6,13,7.5],"rotation":180,"texture":"#2"},"west":{"uv":[10,12,11,13.5],"rotation":180,"texture":"#2"},"up":{"uv":[15,4,14,5],"texture":"#2"},"down":{"uv":[5,15,4,14],"texture":"#2"}}},{"from":[7.5,12.4,9.7],"to":[8.5,13.9,10.7],"rotation":{"angle":-45,"axis":"x","origin":[8,13.15,10.2]},"faces":{"north":{"uv":[13,6,12,7.5],"rotation":180,"texture":"#2"},"east":{"uv":[8,12,7,13.5],"rotation":180,"texture":"#2"},"south":{"uv":[13,9,12,10.5],"rotation":180,"texture":"#2"},"west":{"uv":[11,12,10,13.5],"rotation":180,"texture":"#2"},"up":{"uv":[15,5,14,4],"texture":"#2"},"down":{"uv":[5,14,4,15],"texture":"#2"}}},{"from":[7.75,13.3,6],"to":[8.25,19.3,10],"rotation":{"angle":0,"axis":"y","origin":[8.25,16.8,7.5]},"faces":{"north":{"uv":[5,9,5.5,15],"texture":"#2"},"east":{"uv":[4,0,0,6],"texture":"#2"},"south":{"uv":[9,7,9.5,13],"texture":"#2"},"west":{"uv":[0,0,4,6],"texture":"#2"},"up":{"uv":[3.5,15,3,11],"texture":"#2"},"down":{"uv":[8.5,11,8,15],"texture":"#2"}}},{"from":[8,17.3,5.5],"to":[8,20.3,10.5],"rotation":{"angle":0,"axis":"y","origin":[8,17.8,8]},"faces":{"north":{"uv":[0,0,0,3],"texture":"#2"},"east":{"uv":[9,0,4,3],"texture":"#2"},"south":{"uv":[0,0,0,3],"texture":"#2"},"west":{"uv":[4,0,9,3],"texture":"#2"},"up":{"uv":[0,5,0,0],"texture":"#2"},"down":{"uv":[0,0,0,5],"texture":"#2"}}},{"from":[7.75,19.3,6.5],"to":[8.25,19.8,9.5],"rotation":{"angle":0,"axis":"y","origin":[8,19.8,7]},"faces":{"north":{"uv":[10,14,10.5,14.5],"texture":"#2"},"east":{"uv":[13,2,16,2.5],"texture":"#2"},"south":{"uv":[14,10,14.5,10.5],"texture":"#2"},"west":{"uv":[13,2,16,2.5],"texture":"#2"},"up":{"uv":[2.5,16,2,13],"texture":"#2"},"down":{"uv":[13.5,3,13,6],"texture":"#2"}}},{"from":[4.5,9.1,8],"to":[11.5,16.1,8],"rotation":{"angle":-45,"axis":"y","origin":[8,12.6,8]},"faces":{"north":{"uv":[14,0,0,14],"rotation":180,"texture":"#1"},"east":{"uv":[0,0,0,7],"rotation":180,"texture":"#1"},"south":{"uv":[0,0,14,14],"rotation":180,"texture":"#1"},"west":{"uv":[0,0,0,7],"rotation":180,"texture":"#1"},"up":{"uv":[0,0,0,7],"rotation":270,"texture":"#1"},"down":{"uv":[0,7,0,0],"rotation":90,"texture":"#1"}}},{"from":[4.5,9.1,8],"to":[11.5,16.1,8],"rotation":{"angle":45,"axis":"y","origin":[8,12.6,8]},"faces":{"north":{"uv":[14,0,0,14],"texture":"#1"},"east":{"uv":[0,0,0,7],"texture":"#1"},"south":{"uv":[0,0,14,14],"texture":"#1"},"west":{"uv":[0,0,0,7],"texture":"#1"},"up":{"uv":[0,7,0,0],"rotation":270,"texture":"#1"},"down":{"uv":[0,0,0,7],"rotation":90,"texture":"#1"}}}],"gui_light":"front","display":{"thirdperson_righthand":{"translation":[0,2.5,1.5]},"thirdperson_lefthand":{"translation":[0,2.5,1.5]},"firstperson_righthand":{"rotation":[-10,0,0],"translation":[1.25,1.25,0]},"firstperson_lefthand":{"rotation":[-10,0,0],"translation":[1.25,1.25,0]},"ground":{"rotation":[0,0,-77],"translation":[-1.5,-0.5,0],"scale":[0.97266,0.97266,0.97266]},"gui":{"rotation":[90,-135,90],"translation":[-1.5,-1.5,0],"scale":[0.8,0.8,0.8]},"head":{"scale":[0,0,0]},"fixed":{"rotation":[-90,90,90],"translation":[0,-4.5,-2.25],"scale":[2.05195,2.05195,2.05195]}}}