{"credit":"Made with Blockbench","textures":{"1":"emissary_set:emissary_set/animation_1-sheet","2":"emissary_set:emissary_set/spear","particle":"emissary_set:emissary_set/spear"},"elements":[{"from":[7.5,0,7.5],"to":[8.5,1,8.5],"rotation":{"angle":-45,"axis":"x","origin":[8,0.5,8]},"faces":{"north":{"uv":[9,6,10,7],"texture":"#2"},"east":{"uv":[10,12,11,13],"texture":"#2"},"south":{"uv":[12,10,13,11],"texture":"#2"},"west":{"uv":[11,12,12,13],"texture":"#2"},"up":{"uv":[13,12,12,11],"texture":"#2"},"down":{"uv":[13,12,12,13],"texture":"#2"}}},{"from":[7.6,0.7,7.6],"to":[8.4,2.7,8.4],"rotation":{"angle":0,"axis":"x","origin":[8,1.2,8]},"faces":{"north":{"uv":[3,10,3.75,12],"texture":"#2"},"east":{"uv":[10,10,10.75,12],"texture":"#2"},"south":{"uv":[11,0,11.75,2],"texture":"#2"},"west":{"uv":[11,2,11.75,4],"texture":"#2"},"up":{"uv":[11.75,13.75,11,13],"texture":"#2"},"down":{"uv":[13.75,11,13,11.75],"texture":"#2"}}},{"from":[7.5,2.7,7.5],"to":[8.5,3.7,8.5],"rotation":{"angle":0,"axis":"x","origin":[8,3.2,8]},"faces":{"north":{"uv":[13,0,14,1],"texture":"#2"},"east":{"uv":[13,1,14,2],"texture":"#2"},"south":{"uv":[13,2,14,3],"texture":"#2"},"west":{"uv":[13,3,14,4],"texture":"#2"},"up":{"uv":[5,14,4,13],"texture":"#2"},"down":{"uv":[14,4,13,5],"texture":"#2"}}},{"from":[7.6,3.7,7.6],"to":[8.4,5.7,8.4],"rotation":{"angle":0,"axis":"x","origin":[8,4.2,8]},"faces":{"north":{"uv":[8,11,8.75,13],"texture":"#2"},"east":{"uv":[9,11,9.75,13],"texture":"#2"},"south":{"uv":[11,10,11.75,12],"texture":"#2"},"west":{"uv":[12,0,12.75,2],"texture":"#2"},"up":{"uv":[12.75,13.75,12,13],"texture":"#2"},"down":{"uv":[13.75,12,13,12.75],"texture":"#2"}}},{"from":[7.6,14.7,7.6],"to":[8.4,21.7,8.4],"rotation":{"angle":0,"axis":"x","origin":[8,15.2,8]},"faces":{"north":{"uv":[5,7,5.75,14],"texture":"#2"},"east":{"uv":[7,6,7.75,13],"texture":"#2"},"south":{"uv":[0,8,0.75,15],"texture":"#2"},"west":{"uv":[8,0,8.75,7],"texture":"#2"}}},{"from":[7.5,13.7,7.5],"to":[8.5,14.7,8.5],"rotation":{"angle":0,"axis":"x","origin":[8,14.2,8]},"faces":{"north":{"uv":[8,13,9,14],"texture":"#2"},"east":{"uv":[13,8,14,9],"texture":"#2"},"south":{"uv":[9,13,10,14],"texture":"#2"},"west":{"uv":[13,9,14,10],"texture":"#2"},"up":{"uv":[11,14,10,13],"texture":"#2"},"down":{"uv":[14,10,13,11],"texture":"#2"}}},{"from":[7.6,11.7,7.6],"to":[8.4,13.7,8.4],"rotation":{"angle":0,"axis":"x","origin":[8,12.2,8]},"faces":{"north":{"uv":[12,4,12.75,6],"texture":"#2"},"east":{"uv":[6,12,6.75,14],"texture":"#2"},"south":{"uv":[12,6,12.75,8],"texture":"#2"},"west":{"uv":[12,8,12.75,10],"texture":"#2"},"up":{"uv":[13.75,13.75,13,13],"texture":"#2"},"down":{"uv":[14.75,0,14,0.75],"texture":"#2"}}},{"from":[7.5,21.4,7.5],"to":[8.5,23.4,9.5],"rotation":{"angle":-45,"axis":"x","origin":[8,21.9,8]},"faces":{"north":{"uv":[3,8,4,10],"texture":"#2"},"east":{"uv":[1,8,3,10],"texture":"#2"},"south":{"uv":[9,4,10,6],"texture":"#2"},"west":{"uv":[8,7,10,9],"texture":"#2"},"up":{"uv":[9,11,8,9],"texture":"#2"},"down":{"uv":[10,9,9,11],"texture":"#2"}}},{"from":[7.325,21.6,7.7],"to":[8.675,23.2,9.3],"rotation":{"angle":-45,"axis":"x","origin":[7.975,21.9,8]},"faces":{"north":{"uv":[1,10,2.25,11.5],"texture":"#2"},"east":{"uv":[9,0,10.5,1.5],"texture":"#2"},"south":{"uv":[10,4,11.25,5.5],"texture":"#2"},"west":{"uv":[9,2,10.5,3.5],"texture":"#2"},"up":{"uv":[11.25,7.5,10,6],"texture":"#2"},"down":{"uv":[11.25,8,10,9.5],"texture":"#2"}}},{"from":[7.5,5.7,7.5],"to":[8.5,11.7,8.5],"rotation":{"angle":0,"axis":"y","origin":[7.1,3.4,7.1]},"faces":{"north":{"uv":[6,0,7,6],"texture":"#2"},"east":{"uv":[6,6,7,12],"texture":"#2"},"south":{"uv":[7,0,8,6],"texture":"#2"},"west":{"uv":[4,7,5,13],"texture":"#2"},"up":{"uv":[14,6,13,5],"texture":"#2"},"down":{"uv":[14,6,13,7],"texture":"#2"}}},{"from":[7.5125,21.8,6.1],"to":[8.4875,23.3,7.1],"rotation":{"angle":-22.5,"axis":"x","origin":[7.9875,22.55,6.6]},"faces":{"north":{"uv":[1,12,2,13.5],"texture":"#2"},"east":{"uv":[2,12,3,13.5],"texture":"#2"},"south":{"uv":[12,2,13,3.5],"texture":"#2"},"west":{"uv":[3,12,4,13.5],"texture":"#2"},"up":{"uv":[8,14,7,13],"texture":"#2"},"down":{"uv":[14,7,13,8],"texture":"#2"}}},{"from":[7.5125,21.8,8.9],"to":[8.4875,23.3,9.9],"rotation":{"angle":22.5,"axis":"x","origin":[7.9875,22.55,9.4]},"faces":{"north":{"uv":[13,2,12,3.5],"texture":"#2"},"east":{"uv":[3,12,2,13.5],"texture":"#2"},"south":{"uv":[2,12,1,13.5],"texture":"#2"},"west":{"uv":[4,12,3,13.5],"texture":"#2"},"up":{"uv":[8,13,7,14],"texture":"#2"},"down":{"uv":[14,8,13,7],"texture":"#2"}}},{"from":[8,22.7,6.35],"to":[8,30.7,9.65],"rotation":{"angle":0,"axis":"y","origin":[7,22.7,6.35]},"faces":{"north":{"uv":[0,0,0,8],"texture":"#2"},"east":{"uv":[3.25,0,0,8],"texture":"#2"},"south":{"uv":[0,0,0,8],"texture":"#2"},"west":{"uv":[0,0,3.25,8],"texture":"#2"},"up":{"uv":[0,3.25,0,0],"texture":"#2"},"down":{"uv":[0,0,0,3.25],"texture":"#2"}}},{"from":[8,14.7,8.35],"to":[8,21.7,9.65],"rotation":{"angle":0,"axis":"y","origin":[8,18.2,8]},"faces":{"north":{"uv":[0,0,0,7],"texture":"#2"},"east":{"uv":[5.25,0,4,7],"texture":"#2"},"south":{"uv":[0,0,0,7],"texture":"#2"},"west":{"uv":[4,0,5.25,7],"texture":"#2"},"up":{"uv":[0,1.25,0,0],"texture":"#2"},"down":{"uv":[0,0,0,1.25],"texture":"#2"}}},{"from":[8,14.7,6.35],"to":[8,21.7,7.65],"rotation":{"angle":0,"axis":"y","origin":[8,18.2,8]},"faces":{"north":{"uv":[0,0,0,7],"texture":"#2"},"east":{"uv":[4,0,5.25,7],"texture":"#2"},"south":{"uv":[0,0,0,7],"texture":"#2"},"west":{"uv":[5.25,0,4,7],"texture":"#2"},"up":{"uv":[0,0,0,1.25],"texture":"#2"},"down":{"uv":[0,1.25,0,0],"texture":"#2"}}},{"from":[8.35,14.7,8],"to":[9.65,21.7,8],"rotation":{"angle":0,"axis":"y","origin":[8,18.2,8]},"faces":{"north":{"uv":[5.25,0,4,7],"texture":"#2"},"east":{"uv":[0,0,0,7],"texture":"#2"},"south":{"uv":[4,0,5.25,7],"texture":"#2"},"west":{"uv":[0,0,0,7],"texture":"#2"},"up":{"uv":[0,0,0,1.25],"rotation":90,"texture":"#2"},"down":{"uv":[0,1.25,0,0],"rotation":270,"texture":"#2"}}},{"from":[6.35,14.7,8],"to":[7.65,21.7,8],"rotation":{"angle":0,"axis":"y","origin":[8,18.2,8]},"faces":{"north":{"uv":[4,0,5.25,7],"texture":"#2"},"east":{"uv":[0,0,0,7],"texture":"#2"},"south":{"uv":[5.25,0,4,7],"texture":"#2"},"west":{"uv":[0,0,0,7],"texture":"#2"},"up":{"uv":[0,1.25,0,0],"rotation":90,"texture":"#2"},"down":{"uv":[0,0,0,1.25],"rotation":270,"texture":"#2"}}},{"from":[4.5,19.1,8],"to":[11.5,26.1,8],"rotation":{"angle":45,"axis":"y","origin":[8,22.6,8]},"faces":{"north":{"uv":[14,0,0,14],"texture":"#1"},"east":{"uv":[0,0,0,7],"texture":"#1"},"south":{"uv":[0,0,14,14],"texture":"#1"},"west":{"uv":[0,0,0,7],"texture":"#1"},"up":{"uv":[0,7,0,0],"rotation":270,"texture":"#1"},"down":{"uv":[0,0,0,7],"rotation":90,"texture":"#1"}}},{"from":[4.5,19.1,8],"to":[11.5,26.1,8],"rotation":{"angle":-45,"axis":"y","origin":[8,22.6,8]},"faces":{"north":{"uv":[14,0,0,14],"rotation":180,"texture":"#1"},"east":{"uv":[0,0,0,7],"rotation":180,"texture":"#1"},"south":{"uv":[0,0,14,14],"rotation":180,"texture":"#1"},"west":{"uv":[0,0,0,7],"rotation":180,"texture":"#1"},"up":{"uv":[0,0,0,7],"rotation":270,"texture":"#1"},"down":{"uv":[0,7,0,0],"rotation":90,"texture":"#1"}}}],"gui_light":"front","display":{"thirdperson_righthand":{"translation":[0,-2.5,1.5]},"thirdperson_lefthand":{"translation":[0,-2.5,1.5]},"firstperson_righthand":{"rotation":[-10,0,0],"translation":[2.75,-6,1]},"firstperson_lefthand":{"rotation":[-10,0,0],"translation":[2.75,-6,1]},"ground":{"rotation":[-7.36,0.33,-82.15],"translation":[-6.75,-1.25,0],"scale":[1.07813,1.07813,1.07813]},"gui":{"rotation":[90,-135,90],"translation":[-3.5,-3.5,0],"scale":[0.67695,0.67695,0.67695]},"head":{"scale":[0,0,0]},"fixed":{"rotation":[-90,90,90],"translation":[0,-8.5,-2.25],"scale":[2.05195,2.05195,2.05195]}}}