{"credit":"Made with Blockbench","texture_size":[28,28],"textures":{"1":"emissary_set:emissary_set/sword","2":"emissary_set:emissary_set/animation_1-sheet","particle":"emissary_set:emissary_set/animation_1-sheet"},"elements":[{"from":[7.5,0,7.5],"to":[8.5,1,8.5],"rotation":{"angle":-45,"axis":"x","origin":[8,0.5,8]},"faces":{"north":{"uv":[5.71429,2.28571,6.28571,2.85714],"texture":"#1"},"east":{"uv":[6.28571,4.57143,6.85714,5.14286],"texture":"#1"},"south":{"uv":[4,8,4.57143,8.57143],"texture":"#1"},"west":{"uv":[8,4,8.57143,4.57143],"texture":"#1"},"up":{"uv":[5.14286,8.57143,4.57143,8],"texture":"#1"},"down":{"uv":[8.57143,4.57143,8,5.14286],"texture":"#1"}}},{"from":[7.5,5.4,7.5],"to":[8.5,7.4,9.5],"rotation":{"angle":-45,"axis":"x","origin":[8,5.9,8]},"faces":{"north":{"uv":[6.85714,0,7.42857,1.14286],"texture":"#1"},"east":{"uv":[5.14286,2.85714,6.28571,4],"texture":"#1"},"south":{"uv":[6.85714,1.14286,7.42857,2.28571],"texture":"#1"},"west":{"uv":[5.14286,4,6.28571,5.14286],"texture":"#1"},"up":{"uv":[7.42857,5.71429,6.85714,4.57143],"texture":"#1"},"down":{"uv":[5.71429,6.85714,5.14286,8],"texture":"#1"}}},{"from":[7.3,5.6,7.7],"to":[8.7,7.2,9.3],"rotation":{"angle":-45,"axis":"x","origin":[8,5.9,8]},"faces":{"north":{"uv":[5.71429,0,6.57143,0.85714],"texture":"#1"},"east":{"uv":[5.71429,1.14286,6.57143,2],"texture":"#1"},"south":{"uv":[5.71429,5.14286,6.57143,6],"texture":"#1"},"west":{"uv":[6.28571,2.28571,7.14286,3.14286],"texture":"#1"},"up":{"uv":[7.14286,4.28571,6.28571,3.42857],"texture":"#1"},"down":{"uv":[6.57143,6.28571,5.71429,7.14286],"texture":"#1"}}},{"from":[7.75,7.63744,6.36612],"to":[8.25,8.63744,8.36612],"rotation":{"angle":-45,"axis":"x","origin":[7.75,10.80165,9.13388]},"faces":{"north":{"uv":[8.57143,6.85714,8.85714,7.42857],"texture":"#1"},"east":{"uv":[6.85714,5.71429,8,6.28571],"texture":"#1"},"south":{"uv":[8.57143,7.42857,8.85714,8],"texture":"#1"},"west":{"uv":[6.85714,6.28571,8,6.85714],"texture":"#1"},"up":{"uv":[7.71429,9.14286,7.42857,8],"texture":"#1"},"down":{"uv":[8.28571,7.42857,8,8.57143],"texture":"#1"}}},{"from":[7.75,9.05165,2.36612],"to":[8.25,10.05165,3.36612],"rotation":{"angle":-45,"axis":"x","origin":[7.75,12.21586,9.13388]},"faces":{"north":{"uv":[2.85714,9.14286,3.14286,9.71429],"texture":"#1"},"east":{"uv":[4,8.57143,4.57143,9.14286],"texture":"#1"},"south":{"uv":[9.14286,2.85714,9.42857,3.42857],"texture":"#1"},"west":{"uv":[8.57143,4,9.14286,4.57143],"texture":"#1"},"up":{"uv":[3.71429,9.71429,3.42857,9.14286],"texture":"#1"},"down":{"uv":[9.42857,3.42857,9.14286,4],"texture":"#1"}}},{"from":[7.755,4.9,5.87868],"to":[8.245,5.9,6.87868],"rotation":{"angle":0,"axis":"x","origin":[8.005,5.4,6.37868]},"faces":{"north":{"uv":[4,9.14286,4.28571,9.71429],"texture":"#1"},"east":{"uv":[4.57143,8.57143,5.14286,9.14286],"texture":"#1"},"south":{"uv":[9.14286,4,9.42857,4.57143],"texture":"#1"},"west":{"uv":[8.57143,4.57143,9.14286,5.14286],"texture":"#1"},"up":{"uv":[4.85714,9.71429,4.57143,9.14286],"texture":"#1"},"down":{"uv":[9.42857,4.57143,9.14286,5.14286],"texture":"#1"}}},{"from":[7.75,8.63744,7.36612],"to":[8.25,10.63744,8.36612],"rotation":{"angle":-45,"axis":"x","origin":[7.75,10.80165,9.13388]},"faces":{"north":{"uv":[8.57143,0,8.85714,1.14286],"texture":"#1"},"east":{"uv":[6.85714,6.85714,7.42857,8],"texture":"#1"},"south":{"uv":[8.57143,1.14286,8.85714,2.28571],"texture":"#1"},"west":{"uv":[7.42857,0,8,1.14286],"texture":"#1"},"up":{"uv":[8.28571,9.14286,8,8.57143],"texture":"#1"},"down":{"uv":[8.85714,8,8.57143,8.57143],"texture":"#1"}}},{"from":[7.76,24.80901,9.78033],"to":[8.24,25.80901,10.78033],"rotation":{"angle":-45,"axis":"x","origin":[7.76,21.97322,11.5481]},"faces":{"north":{"uv":[9.14286,0.57143,9.42857,1.14286],"texture":"#1"},"east":{"uv":[8.57143,2.28571,9.14286,2.85714],"texture":"#1"},"south":{"uv":[9.14286,1.14286,9.42857,1.71429],"texture":"#1"},"west":{"uv":[8.57143,2.85714,9.14286,3.42857],"texture":"#1"},"up":{"uv":[9.42857,2.28571,9.14286,1.71429],"texture":"#1"},"down":{"uv":[9.42857,2.28571,9.14286,2.85714],"texture":"#1"}}},{"from":[7.755,9.43553,8],"to":[8.245,23.43553,9],"rotation":{"angle":0,"axis":"x","origin":[7.75,10.80165,9.13388]},"faces":{"north":{"uv":[4,0,4.28571,8],"texture":"#1"},"east":{"uv":[2.85714,0,3.42857,8],"texture":"#1"},"south":{"uv":[4.57143,0,4.85714,8],"texture":"#1"},"west":{"uv":[3.42857,0,4,8],"texture":"#1"},"up":{"uv":[8.85714,9.14286,8.57143,8.57143],"texture":"#1"},"down":{"uv":[9.42857,0,9.14286,0.57143],"texture":"#1"}}},{"from":[7.5,2.7,7.5],"to":[8.5,3.7,8.5],"rotation":{"angle":0,"axis":"x","origin":[8,3.2,8]},"faces":{"north":{"uv":[5.14286,8,5.71429,8.57143],"texture":"#1"},"east":{"uv":[8,5.14286,8.57143,5.71429],"texture":"#1"},"south":{"uv":[8,5.71429,8.57143,6.28571],"texture":"#1"},"west":{"uv":[8,6.28571,8.57143,6.85714],"texture":"#1"},"up":{"uv":[7.42857,8.57143,6.85714,8],"texture":"#1"},"down":{"uv":[8.57143,6.85714,8,7.42857],"texture":"#1"}}},{"from":[7.6,0.7,7.6],"to":[8.4,2.7,8.4],"rotation":{"angle":0,"axis":"x","origin":[8,1.2,8]},"faces":{"north":{"uv":[7.42857,4.57143,7.85714,5.71429],"texture":"#1"},"east":{"uv":[5.71429,7.42857,6.14286,8.57143],"texture":"#1"},"south":{"uv":[6.28571,7.42857,6.71429,8.57143],"texture":"#1"},"west":{"uv":[7.42857,6.85714,7.85714,8],"texture":"#1"},"up":{"uv":[9,6.14286,8.57143,5.71429],"texture":"#1"},"down":{"uv":[6.71429,8.57143,6.28571,9],"texture":"#1"}}},{"from":[7.6,3.7,7.6],"to":[8.4,5.7,8.4],"rotation":{"angle":0,"axis":"x","origin":[8,4.2,8]},"faces":{"north":{"uv":[8,0,8.42857,1.14286],"texture":"#1"},"east":{"uv":[8,2.28571,8.42857,3.42857],"texture":"#1"},"south":{"uv":[2.85714,8,3.28571,9.14286],"texture":"#1"},"west":{"uv":[3.42857,8,3.85714,9.14286],"texture":"#1"},"up":{"uv":[9,6.71429,8.57143,6.28571],"texture":"#1"},"down":{"uv":[7.28571,8.57143,6.85714,9],"texture":"#1"}}},{"from":[7.5,11,7.2],"to":[8.5,12,9.2],"rotation":{"angle":0,"axis":"y","origin":[7.5,0,0]},"faces":{"north":{"uv":[5.14286,8.57143,5.71429,9.14286],"texture":"#1"},"east":{"uv":[7.42857,1.14286,8.57143,1.71429],"texture":"#1"},"south":{"uv":[8.57143,5.14286,9.14286,5.71429],"texture":"#1"},"west":{"uv":[7.42857,1.71429,8.57143,2.28571],"texture":"#1"},"up":{"uv":[8,3.42857,7.42857,2.28571],"texture":"#1"},"down":{"uv":[8,3.42857,7.42857,4.57143],"texture":"#1"}}},{"from":[7.5,13,7.2],"to":[8.5,14,9.2],"rotation":{"angle":0,"axis":"y","origin":[7.5,0,0]},"faces":{"north":{"uv":[5.14286,8.57143,5.71429,9.14286],"texture":"#1"},"east":{"uv":[7.42857,1.14286,8.57143,1.71429],"texture":"#1"},"south":{"uv":[8.57143,5.14286,9.14286,5.71429],"texture":"#1"},"west":{"uv":[7.42857,1.71429,8.57143,2.28571],"texture":"#1"},"up":{"uv":[8,3.42857,7.42857,2.28571],"texture":"#1"},"down":{"uv":[8,3.42857,7.42857,4.57143],"texture":"#1"}}},{"from":[7.5,15,7.2],"to":[8.5,16,9.2],"rotation":{"angle":0,"axis":"y","origin":[7.5,0,0]},"faces":{"north":{"uv":[5.14286,8.57143,5.71429,9.14286],"texture":"#1"},"east":{"uv":[7.42857,1.14286,8.57143,1.71429],"texture":"#1"},"south":{"uv":[8.57143,5.14286,9.14286,5.71429],"texture":"#1"},"west":{"uv":[7.42857,1.71429,8.57143,2.28571],"texture":"#1"},"up":{"uv":[8,3.42857,7.42857,2.28571],"texture":"#1"},"down":{"uv":[8,3.42857,7.42857,4.57143],"texture":"#1"}}},{"from":[8,3,5],"to":[8,28,10],"rotation":{"angle":0,"axis":"y","origin":[8,0,0]},"faces":{"north":{"uv":[0,0,0,14.28571],"texture":"#1"},"east":{"uv":[2.85714,0,0,14.28571],"texture":"#1"},"south":{"uv":[0,0,0,14.28571],"texture":"#1"},"west":{"uv":[0,0,2.85714,14.28571],"texture":"#1"},"up":{"uv":[0,2.85714,0,0],"texture":"#1"},"down":{"uv":[0,0,0,2.85714],"texture":"#1"}}},{"from":[7.755,10.33553,8],"to":[7.755,11.33553,9],"rotation":{"angle":45,"axis":"z","origin":[7.755,10.33553,8]},"faces":{"north":{"uv":[0,0,0,0.57143],"texture":"#1"},"east":{"uv":[6.28571,8.57143,5.71429,9.14286],"texture":"#1"},"south":{"uv":[0,0,0,0.57143],"texture":"#1"},"west":{"uv":[5.71429,8.57143,6.28571,9.14286],"texture":"#1"},"up":{"uv":[0,0.57143,0,0],"texture":"#1"},"down":{"uv":[0,0,0,0.57143],"texture":"#1"}}},{"from":[7.755,15.74975,8],"to":[7.755,16.74975,9],"rotation":{"angle":-45,"axis":"z","origin":[7.755,16.74975,8]},"faces":{"north":{"uv":[0,0.57143,0,0],"texture":"#1"},"east":{"uv":[6.28571,9.14286,5.71429,8.57143],"texture":"#1"},"south":{"uv":[0,0.57143,0,0],"texture":"#1"},"west":{"uv":[5.71429,9.14286,6.28571,8.57143],"texture":"#1"},"up":{"uv":[0,0.57143,0,0],"texture":"#1"},"down":{"uv":[0,0,0,0.57143],"texture":"#1"}}},{"from":[7.04789,11.04264,8],"to":[7.04789,16.04264,9],"rotation":{"angle":0,"axis":"z","origin":[7.04789,11.04264,8]},"faces":{"north":{"uv":[0,0,0,2.85714],"texture":"#1"},"east":{"uv":[5.71429,0,5.14286,2.85714],"texture":"#1"},"south":{"uv":[0,0,0,2.85714],"texture":"#1"},"west":{"uv":[5.14286,0,5.71429,2.85714],"texture":"#1"},"up":{"uv":[0,0.57143,0,0],"texture":"#1"},"down":{"uv":[0,0,0,0.57143],"texture":"#1"}}},{"from":[8.245,15.74975,8],"to":[8.245,16.74975,9],"rotation":{"angle":45,"axis":"z","origin":[8.245,16.74975,8]},"faces":{"north":{"uv":[0,0.57143,0,0],"texture":"#1"},"east":{"uv":[6.28571,9.14286,5.71429,8.57143],"texture":"#1"},"south":{"uv":[0,0.57143,0,0],"texture":"#1"},"west":{"uv":[5.71429,9.14286,6.28571,8.57143],"texture":"#1"},"up":{"uv":[0,0.57143,0,0],"texture":"#1"},"down":{"uv":[0,0,0,0.57143],"texture":"#1"}}},{"from":[8.95211,11.04264,8],"to":[8.95211,16.04264,9],"rotation":{"angle":0,"axis":"z","origin":[8.95211,11.04264,8]},"faces":{"north":{"uv":[0,0,0,2.85714],"texture":"#1"},"east":{"uv":[5.71429,0,5.14286,2.85714],"texture":"#1"},"south":{"uv":[0,0,0,2.85714],"texture":"#1"},"west":{"uv":[5.14286,0,5.71429,2.85714],"texture":"#1"},"up":{"uv":[0,0.57143,0,0],"texture":"#1"},"down":{"uv":[0,0,0,0.57143],"texture":"#1"}}},{"from":[8.245,10.33553,8],"to":[8.245,11.33553,9],"rotation":{"angle":-45,"axis":"z","origin":[8.245,10.33553,8]},"faces":{"north":{"uv":[0,0,0,0.57143],"texture":"#1"},"east":{"uv":[6.28571,8.57143,5.71429,9.14286],"texture":"#1"},"south":{"uv":[0,0,0,0.57143],"texture":"#1"},"west":{"uv":[5.71429,8.57143,6.28571,9.14286],"texture":"#1"},"up":{"uv":[0,0.57143,0,0],"texture":"#1"},"down":{"uv":[0,0,0,0.57143],"texture":"#1"}}},{"from":[7.3505,7.02132,8.83137],"to":[7.3505,9.72132,9.83137],"rotation":{"angle":45,"axis":"x","origin":[7.3505,8.02132,9.13137]},"faces":{"north":{"uv":[0,0,0,1.57143],"texture":"#1"},"east":{"uv":[5.71429,5.14286,5.14286,6.71071],"texture":"#1"},"south":{"uv":[0,0,0,1.57143],"texture":"#1"},"west":{"uv":[5.14286,5.14286,5.71429,6.71429],"texture":"#1"},"up":{"uv":[0,0.57143,0,0],"texture":"#1"},"down":{"uv":[0,0,0,0.57143],"texture":"#1"}}},{"from":[8.6495,7.02132,8.83137],"to":[8.6495,9.72132,9.83137],"rotation":{"angle":45,"axis":"x","origin":[8.6495,8.02132,9.13137]},"faces":{"north":{"uv":[0,0,0,1.57143],"texture":"#1"},"east":{"uv":[5.71429,5.14286,5.14286,6.71429],"texture":"#1"},"south":{"uv":[0,0,0,1.57143],"texture":"#1"},"west":{"uv":[5.14286,5.14286,5.71429,6.71071],"texture":"#1"},"up":{"uv":[0,0.57143,0,0],"texture":"#1"},"down":{"uv":[0,0,0,0.57143],"texture":"#1"}}},{"from":[7.3505,9.08127,9.97417],"to":[8.6505,9.08127,10.97417],"rotation":{"angle":45,"axis":"x","origin":[8.0005,9.08127,10.47417]},"faces":{"north":{"uv":[0,0,0.71429,0],"texture":"#1"},"east":{"uv":[0,0,0.57143,0],"texture":"#1"},"south":{"uv":[0,0,0.71429,0],"texture":"#1"},"west":{"uv":[0,0,0.57143,0],"texture":"#1"},"up":{"uv":[8.71429,4,8,3.42857],"texture":"#1"},"down":{"uv":[8,4,8.71429,3.42857],"rotation":180,"texture":"#1"}}},{"from":[4.5,3,8],"to":[11.5,10,8],"rotation":{"angle":45,"axis":"y","origin":[8,6.5,8]},"faces":{"north":{"uv":[14,0,0,14],"texture":"#2"},"east":{"uv":[0,0,0,4],"texture":"#2"},"south":{"uv":[0,0,14,14],"texture":"#2"},"west":{"uv":[0,0,0,4],"texture":"#2"},"up":{"uv":[0,4,0,0],"rotation":270,"texture":"#2"},"down":{"uv":[0,0,0,4],"rotation":90,"texture":"#2"}}},{"from":[4.5,3,8],"to":[11.5,10,8],"rotation":{"angle":-45,"axis":"y","origin":[8,6.5,8]},"faces":{"north":{"uv":[14,0,0,14],"rotation":180,"texture":"#2"},"east":{"uv":[0,0,0,4],"rotation":180,"texture":"#2"},"south":{"uv":[0,0,14,14],"rotation":180,"texture":"#2"},"west":{"uv":[0,0,0,4],"rotation":180,"texture":"#2"},"up":{"uv":[0,0,0,4],"rotation":270,"texture":"#2"},"down":{"uv":[0,4,0,0],"rotation":90,"texture":"#2"}}}],"gui_light":"front","display":{"thirdperson_righthand":{"translation":[0,2.5,1.5]},"thirdperson_lefthand":{"translation":[0,2.5,1.5]},"firstperson_righthand":{"rotation":[-10,0,0],"translation":[1.25,2.25,0],"scale":[0.81055,0.81055,0.81055]},"firstperson_lefthand":{"rotation":[-10,0,0],"translation":[1.25,2.25,0],"scale":[0.81055,0.81055,0.81055]},"ground":{"rotation":[-2.33,0.11,-82.26],"translation":[-4.75,-0.75,0],"scale":[0.98438,0.98438,0.98438]},"gui":{"rotation":[90,-135,90],"translation":[-3,-3.5,0],"scale":[0.7375,0.7375,0.7375]},"head":{"scale":[0,0,0]},"fixed":{"rotation":[-90,90,90],"translation":[0.5,-8.25,-2.25],"scale":[1.95625,1.95625,1.95625]}}}