{"credit":"Made with Blockbench","texture_size":[24,24],"textures":{"0":"emissary_set:emissary_set/wings","1":"emissary_set:emissary_set/animation_1-sheet","particle":"emissary_set:emissary_set/wings"},"elements":[{"from":[10.3,6.78029,7],"to":[12.3,9.78029,9],"rotation":{"angle":-22.5,"axis":"z","origin":[11.3,8.28029,8]},"faces":{"north":{"uv":[2.66667,8,4,10],"texture":"#0"},"east":{"uv":[4,8,5.33333,10],"texture":"#0"},"south":{"uv":[8.66667,2.66667,10,4.66667],"texture":"#0"},"west":{"uv":[8.66667,4.66667,10,6.66667],"texture":"#0"},"up":{"uv":[11.33333,4,10,2.66667],"texture":"#0"},"down":{"uv":[11.33333,4,10,5.33333],"texture":"#0"}}},{"from":[14.0961,12.54857,7],"to":[17.0961,14.54857,9],"rotation":{"angle":-22.5,"axis":"z","origin":[13.5961,13.74857,8]},"faces":{"north":{"uv":[5.33333,8.66667,7.33333,10],"texture":"#0"},"east":{"uv":[6,10,7.33333,11.33333],"texture":"#0"},"south":{"uv":[8.66667,6.66667,10.66667,8],"texture":"#0"},"west":{"uv":[7.33333,10,8.66667,11.33333],"texture":"#0"},"up":{"uv":[9.33333,10,7.33333,8.66667],"texture":"#0"},"down":{"uv":[11.33333,0,9.33333,1.33333],"texture":"#0"}}},{"from":[13.1961,3.02357,7],"to":[16.1961,5.02357,9],"rotation":{"angle":-22.5,"axis":"z","origin":[13.5961,13.82357,8]},"faces":{"north":{"uv":[9.33333,1.33333,11.33333,2.66667],"texture":"#0"},"east":{"uv":[10.66667,6.66667,12,8],"texture":"#0"},"south":{"uv":[9.33333,8,11.33333,9.33333],"texture":"#0"},"west":{"uv":[8.66667,10.66667,10,12],"texture":"#0"},"up":{"uv":[11.33333,10.66667,9.33333,9.33333],"texture":"#0"},"down":{"uv":[4.66667,10,2.66667,11.33333],"texture":"#0"}}},{"from":[9.99534,5.10521,7.28],"to":[11.43534,7.26521,8.72],"rotation":{"angle":0,"axis":"z","origin":[10.71534,6.18521,8]},"faces":{"north":{"uv":[10,11.33333,11,12.83333],"texture":"#0"},"east":{"uv":[11.33333,11.33333,12.33333,12.83333],"texture":"#0"},"south":{"uv":[0,12,1,13.5],"texture":"#0"},"west":{"uv":[1.33333,12,2.33333,13.5],"texture":"#0"},"up":{"uv":[9,13,8,12],"texture":"#0"},"down":{"uv":[13.66667,3.33333,12.66667,4.33333],"texture":"#0"}}},{"from":[13.35305,8.92865,7.28],"to":[14.79305,13.08865,8.72],"rotation":{"angle":-45,"axis":"z","origin":[13.5,12.08029,8]},"faces":{"north":{"uv":[6,5.33333,7,8.16667],"texture":"#0"},"east":{"uv":[7.33333,5.33333,8.33333,8.16667],"texture":"#0"},"south":{"uv":[0,8,1,10.83333],"texture":"#0"},"west":{"uv":[1.33333,8,2.33333,10.83333],"texture":"#0"},"up":{"uv":[13.66667,5.66667,12.66667,4.66667],"texture":"#0"},"down":{"uv":[13.66667,9.33333,12.66667,10.33333],"texture":"#0"}}},{"from":[8,7.4945,7.5],"to":[10,9.4945,8.5],"rotation":{"angle":-45,"axis":"z","origin":[8,9.4945,8]},"faces":{"north":{"uv":[4.66667,10,6,11.33333],"texture":"#0"},"east":{"uv":[9.33333,12,10,13.33333],"texture":"#0"},"south":{"uv":[10,5.33333,11.33333,6.66667],"texture":"#0"},"west":{"uv":[12.66667,10.66667,13.33333,12],"texture":"#0"},"up":{"uv":[14,12.66667,12.66667,12],"texture":"#0"},"down":{"uv":[14,12.66667,12.66667,13.33333],"texture":"#0"}}},{"from":[8.2,7.6945,7.3],"to":[9.8,9.2945,8.7],"rotation":{"angle":-45,"axis":"z","origin":[8,9.4945,8]},"faces":{"north":{"uv":[11.33333,9.33333,12.33333,10.33333],"texture":"#0"},"east":{"uv":[2.66667,12,3.66667,13],"texture":"#0"},"south":{"uv":[4,12,5,13],"texture":"#0"},"west":{"uv":[5.33333,12,6.33333,13],"texture":"#0"},"up":{"uv":[7.66667,13,6.66667,12],"texture":"#0"},"down":{"uv":[13,6.66667,12,7.66667],"texture":"#0"}}},{"from":[5.5,7.68029,7.6],"to":[10.5,8.48029,8.4],"rotation":{"angle":0,"axis":"z","origin":[8.5,9.58029,8]},"faces":{"north":{"uv":[5.33333,11.33333,8.66667,11.83333],"texture":"#0"},"east":{"uv":[14,10,14.5,10.5],"texture":"#0"},"south":{"uv":[11.33333,6,14.66667,6.5],"texture":"#0"},"west":{"uv":[14,10.66667,14.5,11.16667],"texture":"#0"},"up":{"uv":[14.66667,8.5,11.33333,8],"texture":"#0"},"down":{"uv":[14.66667,8.66667,11.33333,9.16667],"texture":"#0"}}},{"from":[8.975,5.90529,7.7],"to":[9.575,7.00529,8.3],"rotation":{"angle":22.5,"axis":"z","origin":[8,5.08029,8]},"faces":{"north":{"uv":[14,11.33333,14.33333,12],"texture":"#0"},"east":{"uv":[12,14,12.33333,14.66667],"texture":"#0"},"south":{"uv":[14,12,14.33333,12.66667],"texture":"#0"},"west":{"uv":[12.66667,14,13,14.66667],"texture":"#0"},"up":{"uv":[1,15,0.66667,14.66667],"texture":"#0"},"down":{"uv":[15,0.66667,14.66667,1],"texture":"#0"}}},{"from":[8.775,3.80529,7.5],"to":[9.775,5.90529,8.5],"rotation":{"angle":22.5,"axis":"z","origin":[8,5.08029,8]},"faces":{"north":{"uv":[2.66667,13.33333,3.33333,14.66667],"texture":"#0"},"east":{"uv":[3.33333,13.33333,4,14.66667],"texture":"#0"},"south":{"uv":[4,13.33333,4.66667,14.66667],"texture":"#0"},"west":{"uv":[4.66667,13.33333,5.33333,14.66667],"texture":"#0"},"up":{"uv":[6,8.66667,5.33333,8],"texture":"#0"},"down":{"uv":[9.33333,8,8.66667,8.66667],"texture":"#0"}}},{"from":[13.1312,12.90614,7.5],"to":[14.2312,13.90614,8.5],"rotation":{"angle":0,"axis":"z","origin":[11.1812,13.40614,8]},"faces":{"north":{"uv":[14,0.66667,14.66667,1.33333],"texture":"#0"},"east":{"uv":[1.33333,14,2,14.66667],"texture":"#0"},"south":{"uv":[14,1.33333,14.66667,2],"texture":"#0"},"west":{"uv":[2,14,2.66667,14.66667],"texture":"#0"},"up":{"uv":[14.66667,2.66667,14,2],"texture":"#0"},"down":{"uv":[14.66667,2.66667,14,3.33333],"texture":"#0"}}},{"from":[12.1562,12.90614,7.7],"to":[13.2562,13.50614,8.3],"rotation":{"angle":22.5,"axis":"z","origin":[12.5812,13.40614,8]},"faces":{"north":{"uv":[14,12.66667,14.66667,13],"texture":"#0"},"east":{"uv":[1.33333,14.66667,1.66667,15],"texture":"#0"},"south":{"uv":[13.33333,14,14,14.33333],"texture":"#0"},"west":{"uv":[14.66667,1.33333,15,1.66667],"texture":"#0"},"up":{"uv":[14.66667,13.66667,14,13.33333],"texture":"#0"},"down":{"uv":[14.66667,14,14,14.33333],"texture":"#0"}}},{"from":[8.7,8.18029,7.8],"to":[10.9,8.98029,8.2],"rotation":{"angle":22.5,"axis":"z","origin":[9.5,9.08029,8.2]},"faces":{"north":{"uv":[5.33333,13.33333,6.83333,13.83333],"texture":"#0"},"east":{"uv":[0,14.66667,0.33333,15.16667],"texture":"#0"},"south":{"uv":[13.33333,6.66667,14.83333,7.16667],"texture":"#0"},"west":{"uv":[14.66667,0,15,0.5],"texture":"#0"},"up":{"uv":[14.83333,7.66667,13.33333,7.33333],"texture":"#0"},"down":{"uv":[13.5,13.33333,12,13.66667],"texture":"#0"}}},{"from":[16.7,14.68029,7.5],"to":[20.7,15.68029,8.5],"rotation":{"angle":22.5,"axis":"z","origin":[20.175,15.68029,8]},"faces":{"north":{"uv":[10,10.66667,12.66667,11.33333],"texture":"#0"},"east":{"uv":[8.66667,10,9.33333,10.66667],"texture":"#0"},"south":{"uv":[0,11.33333,2.66667,12],"texture":"#0"},"west":{"uv":[0,14,0.66667,14.66667],"texture":"#0"},"up":{"uv":[14,0.66667,11.33333,0],"texture":"#0"},"down":{"uv":[14,0.66667,11.33333,1.33333],"texture":"#0"}}},{"from":[17.7178,13.22231,7.5125],"to":[18.7178,14.63731,8.4875],"rotation":{"angle":-22.5,"axis":"z","origin":[20.175,15.68029,8]},"faces":{"north":{"uv":[7.33333,13.33333,8,14.33333],"texture":"#0"},"east":{"uv":[8,13.33333,8.66667,14.33333],"texture":"#0"},"south":{"uv":[8.66667,13.33333,9.33333,14.33333],"texture":"#0"},"west":{"uv":[9.33333,13.33333,10,14.33333],"texture":"#0"},"up":{"uv":[14.66667,4,14,3.33333],"texture":"#0"},"down":{"uv":[14.66667,4,14,4.66667],"texture":"#0"}}},{"from":[20.25334,15.34441,7.5125],"to":[21.25334,16.75941,8.4875],"rotation":{"angle":-22.5,"axis":"z","origin":[20.175,15.68029,8]},"faces":{"north":{"uv":[10,13.33333,10.66667,14.33333],"texture":"#0"},"east":{"uv":[10.66667,13.33333,11.33333,14.33333],"texture":"#0"},"south":{"uv":[13.33333,10.66667,14,11.66667],"texture":"#0"},"west":{"uv":[11.33333,13.33333,12,14.33333],"texture":"#0"},"up":{"uv":[14.66667,5.33333,14,4.66667],"texture":"#0"},"down":{"uv":[6,14,5.33333,14.66667],"texture":"#0"}}},{"from":[17.7,15.68029,7.5],"to":[21.7,16.68029,8.5],"rotation":{"angle":22.5,"axis":"z","origin":[20.175,15.68029,8]},"faces":{"north":{"uv":[11.33333,1.33333,14,2],"texture":"#0"},"east":{"uv":[14,0,14.66667,0.66667],"texture":"#0"},"south":{"uv":[11.33333,2,14,2.66667],"texture":"#0"},"west":{"uv":[0.66667,14,1.33333,14.66667],"texture":"#0"},"up":{"uv":[5.33333,12,2.66667,11.33333],"texture":"#0"},"down":{"uv":[14,2.66667,11.33333,3.33333],"texture":"#0"}}},{"from":[17.7,13.18029,8],"to":[31.2,17.18029,8],"rotation":{"angle":22.5,"axis":"z","origin":[20.175,15.68029,8]},"faces":{"north":{"uv":[0,0,9,2.66667],"texture":"#0"},"east":{"uv":[0,0,0,2.66667],"texture":"#0"},"south":{"uv":[9,0,0,2.66667],"texture":"#0"},"west":{"uv":[0,0,0,2.66667],"texture":"#0"},"up":{"uv":[9,0,0,0],"texture":"#0"},"down":{"uv":[9,0,0,0],"texture":"#0"}}},{"from":[15.68735,13.23566,7.75],"to":[17.68735,15.23566,8.25],"rotation":{"angle":-45,"axis":"z","origin":[16.68735,14.23566,8]},"faces":{"north":{"uv":[11.33333,3.33333,12.66667,4.66667],"texture":"#0"},"east":{"uv":[6,14,6.33333,15.33333],"texture":"#0"},"south":{"uv":[12.66667,4.66667,11.33333,6],"texture":"#0"},"west":{"uv":[6.66667,14,7,15.33333],"texture":"#0"},"up":{"uv":[15.33333,5.66667,14,5.33333],"texture":"#0"},"down":{"uv":[15.33333,9.33333,14,9.66667],"texture":"#0"}}},{"from":[16.81582,11.09809,7.5],"to":[20.81582,12.09809,8.5],"rotation":{"angle":0,"axis":"z","origin":[17.76944,11.09806,8]},"faces":{"north":{"uv":[11.33333,1.33333,14,2],"texture":"#0"},"east":{"uv":[14,0,14.66667,0.66667],"texture":"#0"},"south":{"uv":[11.33333,2,14,2.66667],"texture":"#0"},"west":{"uv":[0.66667,14,1.33333,14.66667],"texture":"#0"},"up":{"uv":[5.33333,12,2.66667,11.33333],"texture":"#0"},"down":{"uv":[14,2.66667,11.33333,3.33333],"texture":"#0"}}},{"from":[15.81582,10.09809,7.5],"to":[19.81582,11.09809,8.5],"rotation":{"angle":0,"axis":"z","origin":[17.76944,11.09806,8]},"faces":{"north":{"uv":[10,10.66667,12.66667,11.33333],"texture":"#0"},"east":{"uv":[8.66667,10,9.33333,10.66667],"texture":"#0"},"south":{"uv":[0,11.33333,2.66667,12],"texture":"#0"},"west":{"uv":[0,14,0.66667,14.66667],"texture":"#0"},"up":{"uv":[14,0.66667,11.33333,0],"texture":"#0"},"down":{"uv":[14,0.66667,11.33333,1.33333],"texture":"#0"}}},{"from":[18.92354,11.83798,7.5125],"to":[19.92354,13.25298,8.4875],"rotation":{"angle":-45,"axis":"z","origin":[17.76944,11.09806,8]},"faces":{"north":{"uv":[10,13.33333,10.66667,14.33333],"texture":"#0"},"east":{"uv":[10.66667,13.33333,11.33333,14.33333],"texture":"#0"},"south":{"uv":[13.33333,10.66667,14,11.66667],"texture":"#0"},"west":{"uv":[11.33333,13.33333,12,14.33333],"texture":"#0"},"up":{"uv":[14.66667,5.33333,14,4.66667],"texture":"#0"},"down":{"uv":[6,14,5.33333,14.66667],"texture":"#0"}}},{"from":[16.388,9.71587,7.5125],"to":[17.388,11.13087,8.4875],"rotation":{"angle":-45,"axis":"z","origin":[17.76944,11.09806,8]},"faces":{"north":{"uv":[7.33333,13.33333,8,14.33333],"texture":"#0"},"east":{"uv":[8,13.33333,8.66667,14.33333],"texture":"#0"},"south":{"uv":[8.66667,13.33333,9.33333,14.33333],"texture":"#0"},"west":{"uv":[9.33333,13.33333,10,14.33333],"texture":"#0"},"up":{"uv":[14.66667,4,14,3.33333],"texture":"#0"},"down":{"uv":[14.66667,4,14,4.66667],"texture":"#0"}}},{"from":[14.68738,10.96051,7.75],"to":[16.68738,12.96051,8.25],"rotation":{"angle":22.5,"axis":"z","origin":[17.76944,11.09806,8]},"faces":{"north":{"uv":[11.33333,3.33333,12.66667,4.66667],"rotation":270,"texture":"#0"},"east":{"uv":[15.33333,5.66667,14,5.33333],"rotation":90,"texture":"#0"},"south":{"uv":[12.66667,4.66667,11.33333,6],"rotation":90,"texture":"#0"},"west":{"uv":[15.33333,9.33333,14,9.66667],"rotation":90,"texture":"#0"},"up":{"uv":[6.66667,14,7,15.33333],"rotation":90,"texture":"#0"},"down":{"uv":[6,14,6.33333,15.33333],"rotation":90,"texture":"#0"}}},{"from":[15.32931,-0.38122,7.5],"to":[16.32931,3.61878,8.5],"rotation":{"angle":45,"axis":"z","origin":[15.22041,1.78919,8]},"faces":{"north":{"uv":[11.33333,1.33333,14,2],"rotation":270,"texture":"#0"},"east":{"uv":[5.33333,12,2.66667,11.33333],"rotation":90,"texture":"#0"},"south":{"uv":[11.33333,2,14,2.66667],"rotation":90,"texture":"#0"},"west":{"uv":[14,2.66667,11.33333,3.33333],"rotation":90,"texture":"#0"},"up":{"uv":[0.66667,14,1.33333,14.66667],"rotation":90,"texture":"#0"},"down":{"uv":[14,0,14.66667,0.66667],"rotation":90,"texture":"#0"}}},{"from":[14.32931,0.61878,7.5],"to":[15.32931,4.61878,8.5],"rotation":{"angle":45,"axis":"z","origin":[15.22041,1.78919,8]},"faces":{"north":{"uv":[10,10.66667,12.66667,11.33333],"rotation":270,"texture":"#0"},"east":{"uv":[14,0.66667,11.33333,0],"rotation":90,"texture":"#0"},"south":{"uv":[0,11.33333,2.66667,12],"rotation":90,"texture":"#0"},"west":{"uv":[14,0.66667,11.33333,1.33333],"rotation":90,"texture":"#0"},"up":{"uv":[0,14,0.66667,14.66667],"rotation":90,"texture":"#0"},"down":{"uv":[8.66667,10,9.33333,10.66667],"rotation":90,"texture":"#0"}}},{"from":[15.41791,0.33148,7.5125],"to":[16.83291,1.33148,8.4875],"rotation":{"angle":0,"axis":"z","origin":[15.22041,1.78919,8]},"faces":{"north":{"uv":[10,13.33333,10.66667,14.33333],"rotation":270,"texture":"#0"},"east":{"uv":[14.66667,5.33333,14,4.66667],"rotation":90,"texture":"#0"},"south":{"uv":[13.33333,10.66667,14,11.66667],"rotation":90,"texture":"#0"},"west":{"uv":[6,14,5.33333,14.66667],"rotation":90,"texture":"#0"},"up":{"uv":[11.33333,13.33333,12,14.33333],"rotation":90,"texture":"#0"},"down":{"uv":[10.66667,13.33333,11.33333,14.33333],"rotation":90,"texture":"#0"}}},{"from":[13.2958,2.86701,7.5125],"to":[14.7108,3.86701,8.4875],"rotation":{"angle":0,"axis":"z","origin":[15.22041,1.78919,8]},"faces":{"north":{"uv":[7.33333,13.33333,8,14.33333],"rotation":270,"texture":"#0"},"east":{"uv":[14.66667,4,14,3.33333],"rotation":90,"texture":"#0"},"south":{"uv":[8.66667,13.33333,9.33333,14.33333],"rotation":90,"texture":"#0"},"west":{"uv":[14.66667,4,14,4.66667],"rotation":90,"texture":"#0"},"up":{"uv":[9.33333,13.33333,10,14.33333],"rotation":90,"texture":"#0"},"down":{"uv":[8,13.33333,8.66667,14.33333],"rotation":90,"texture":"#0"}}},{"from":[11.37072,2.08744,7.75],"to":[13.37072,4.08744,8.25],"rotation":{"angle":-22.5,"axis":"z","origin":[15.22041,1.78919,8]},"faces":{"north":{"uv":[11.33333,3.33333,12.66667,4.66667],"rotation":270,"texture":"#0"},"east":{"uv":[15.33333,5.66667,14,5.33333],"rotation":90,"texture":"#0"},"south":{"uv":[12.66667,4.66667,11.33333,6],"rotation":90,"texture":"#0"},"west":{"uv":[15.33333,9.33333,14,9.66667],"rotation":90,"texture":"#0"},"up":{"uv":[6.66667,14,7,15.33333],"rotation":90,"texture":"#0"},"down":{"uv":[6,14,6.33333,15.33333],"rotation":90,"texture":"#0"}}},{"from":[17.7,8.28029,8],"to":[30.2,12.28029,8],"rotation":{"angle":0,"axis":"z","origin":[20.175,10.78029,8]},"faces":{"north":{"uv":[0,2.66667,8.33333,5.33333],"texture":"#0"},"east":{"uv":[0,0,0,2.66667],"texture":"#0"},"south":{"uv":[8.33333,2.66667,0,5.33333],"texture":"#0"},"west":{"uv":[0,0,0,2.66667],"texture":"#0"},"up":{"uv":[8.33333,0,0,0],"texture":"#0"},"down":{"uv":[8.33333,0,0,0],"texture":"#0"}}},{"from":[15.1,4.18029,8],"to":[27.6,8.18029,8],"rotation":{"angle":-22.5,"axis":"z","origin":[17.13291,6.83919,8]},"faces":{"north":{"uv":[0,2.66667,8.33333,5.33333],"texture":"#0"},"east":{"uv":[0,0,0,2.66667],"texture":"#0"},"south":{"uv":[8.33333,2.66667,0,5.33333],"texture":"#0"},"west":{"uv":[0,0,0,2.66667],"texture":"#0"},"up":{"uv":[8.33333,0,0,0],"texture":"#0"},"down":{"uv":[8.33333,0,0,0],"texture":"#0"}}},{"from":[12.29763,7.5998,7.75],"to":[14.29763,9.5998,8.25],"rotation":{"angle":0,"axis":"z","origin":[17.13291,6.83919,8]},"faces":{"north":{"uv":[11.33333,3.33333,12.66667,4.66667],"rotation":270,"texture":"#0"},"east":{"uv":[15.33333,5.66667,14,5.33333],"rotation":90,"texture":"#0"},"south":{"uv":[12.66667,4.66667,11.33333,6],"rotation":90,"texture":"#0"},"west":{"uv":[15.33333,9.33333,14,9.66667],"rotation":90,"texture":"#0"},"up":{"uv":[6.66667,14,7,15.33333],"rotation":90,"texture":"#0"},"down":{"uv":[6,14,6.33333,15.33333],"rotation":90,"texture":"#0"}}},{"from":[14.47468,8.72135,7.5125],"to":[15.88968,9.72135,8.4875],"rotation":{"angle":22.5,"axis":"z","origin":[17.13291,6.83919,8]},"faces":{"north":{"uv":[7.33333,13.33333,8,14.33333],"rotation":270,"texture":"#0"},"east":{"uv":[14.66667,4,14,3.33333],"rotation":90,"texture":"#0"},"south":{"uv":[8.66667,13.33333,9.33333,14.33333],"rotation":90,"texture":"#0"},"west":{"uv":[14.66667,4,14,4.66667],"rotation":90,"texture":"#0"},"up":{"uv":[9.33333,13.33333,10,14.33333],"rotation":90,"texture":"#0"},"down":{"uv":[8,13.33333,8.66667,14.33333],"rotation":90,"texture":"#0"}}},{"from":[16.59679,6.18581,7.5125],"to":[18.01179,7.18581,8.4875],"rotation":{"angle":22.5,"axis":"z","origin":[17.13291,6.83919,8]},"faces":{"north":{"uv":[10,13.33333,10.66667,14.33333],"rotation":270,"texture":"#0"},"east":{"uv":[14.66667,5.33333,14,4.66667],"rotation":90,"texture":"#0"},"south":{"uv":[13.33333,10.66667,14,11.66667],"rotation":90,"texture":"#0"},"west":{"uv":[6,14,5.33333,14.66667],"rotation":90,"texture":"#0"},"up":{"uv":[11.33333,13.33333,12,14.33333],"rotation":90,"texture":"#0"},"down":{"uv":[10.66667,13.33333,11.33333,14.33333],"rotation":90,"texture":"#0"}}},{"from":[13.21582,5.99809,7.5],"to":[17.21582,6.99809,8.5],"rotation":{"angle":-22.5,"axis":"z","origin":[17.13291,6.83919,8]},"faces":{"north":{"uv":[10,10.66667,12.66667,11.33333],"texture":"#0"},"east":{"uv":[8.66667,10,9.33333,10.66667],"texture":"#0"},"south":{"uv":[0,11.33333,2.66667,12],"texture":"#0"},"west":{"uv":[0,14,0.66667,14.66667],"texture":"#0"},"up":{"uv":[14,0.66667,11.33333,0],"texture":"#0"},"down":{"uv":[14,0.66667,11.33333,1.33333],"texture":"#0"}}},{"from":[14.21582,6.99809,7.5],"to":[18.21582,7.99809,8.5],"rotation":{"angle":-22.5,"axis":"z","origin":[17.13291,6.83919,8]},"faces":{"north":{"uv":[11.33333,1.33333,14,2],"texture":"#0"},"east":{"uv":[14,0,14.66667,0.66667],"texture":"#0"},"south":{"uv":[11.33333,2,14,2.66667],"texture":"#0"},"west":{"uv":[0.66667,14,1.33333,14.66667],"texture":"#0"},"up":{"uv":[5.33333,12,2.66667,11.33333],"texture":"#0"},"down":{"uv":[14,2.66667,11.33333,3.33333],"texture":"#0"}}},{"from":[12.61151,-5.5904,8],"to":[16.61151,2.9096,8],"rotation":{"angle":45,"axis":"z","origin":[15.22041,1.78919,8]},"faces":{"north":{"uv":[0,5.33333,5.66667,8],"rotation":270,"texture":"#0"},"east":{"uv":[5.66667,0,0,0],"rotation":90,"texture":"#0"},"south":{"uv":[5.66667,5.33333,0,8],"rotation":90,"texture":"#0"},"west":{"uv":[5.66667,0,0,0],"rotation":90,"texture":"#0"},"up":{"uv":[0,0,0,2.66667],"rotation":90,"texture":"#0"},"down":{"uv":[0,0,0,2.66667],"rotation":90,"texture":"#0"}}},{"from":[3.7,6.78029,7],"to":[5.7,9.78029,9],"rotation":{"angle":22.5,"axis":"z","origin":[4.7,8.28029,8]},"faces":{"north":{"uv":[4,8,2.66667,10],"texture":"#0"},"east":{"uv":[10,4.66667,8.66667,6.66667],"texture":"#0"},"south":{"uv":[10,2.66667,8.66667,4.66667],"texture":"#0"},"west":{"uv":[5.33333,8,4,10],"texture":"#0"},"up":{"uv":[10,4,11.33333,2.66667],"texture":"#0"},"down":{"uv":[10,4,11.33333,5.33333],"texture":"#0"}}},{"from":[4.56466,5.10521,7.28],"to":[6.00466,7.26521,8.72],"rotation":{"angle":0,"axis":"z","origin":[5.28466,6.18521,8]},"faces":{"north":{"uv":[11,11.33333,10,12.83333],"texture":"#0"},"east":{"uv":[2.33333,12,1.33333,13.5],"texture":"#0"},"south":{"uv":[1,12,0,13.5],"texture":"#0"},"west":{"uv":[12.33333,11.33333,11.33333,12.83333],"texture":"#0"},"up":{"uv":[8,13,9,12],"texture":"#0"},"down":{"uv":[12.66667,3.33333,13.66667,4.33333],"texture":"#0"}}},{"from":[1.20695,8.92865,7.28],"to":[2.64695,13.08865,8.72],"rotation":{"angle":45,"axis":"z","origin":[2.5,12.08029,8]},"faces":{"north":{"uv":[7,5.33333,6,8.16667],"texture":"#0"},"east":{"uv":[2.33333,8,1.33333,10.83333],"texture":"#0"},"south":{"uv":[1,8,0,10.83333],"texture":"#0"},"west":{"uv":[8.33333,5.33333,7.33333,8.16667],"texture":"#0"},"up":{"uv":[12.66667,5.66667,13.66667,4.66667],"texture":"#0"},"down":{"uv":[12.66667,9.33333,13.66667,10.33333],"texture":"#0"}}},{"from":[-1.0961,12.54857,7],"to":[1.9039,14.54857,9],"rotation":{"angle":22.5,"axis":"z","origin":[2.4039,13.74857,8]},"faces":{"north":{"uv":[7.33333,8.66667,5.33333,10],"texture":"#0"},"east":{"uv":[8.66667,10,7.33333,11.33333],"texture":"#0"},"south":{"uv":[10.66667,6.66667,8.66667,8],"texture":"#0"},"west":{"uv":[7.33333,10,6,11.33333],"texture":"#0"},"up":{"uv":[7.33333,10,9.33333,8.66667],"texture":"#0"},"down":{"uv":[9.33333,0,11.33333,1.33333],"texture":"#0"}}},{"from":[-0.1961,3.02357,7],"to":[2.8039,5.02357,9],"rotation":{"angle":22.5,"axis":"z","origin":[2.4039,13.82357,8]},"faces":{"north":{"uv":[11.33333,1.33333,9.33333,2.66667],"texture":"#0"},"east":{"uv":[10,10.66667,8.66667,12],"texture":"#0"},"south":{"uv":[11.33333,8,9.33333,9.33333],"texture":"#0"},"west":{"uv":[12,6.66667,10.66667,8],"texture":"#0"},"up":{"uv":[9.33333,10.66667,11.33333,9.33333],"texture":"#0"},"down":{"uv":[2.66667,10,4.66667,11.33333],"texture":"#0"}}},{"from":[5.1,8.18029,7.8],"to":[7.3,8.98029,8.2],"rotation":{"angle":-22.5,"axis":"z","origin":[6.5,9.08029,8.2]},"faces":{"north":{"uv":[6.83333,13.33333,5.33333,13.83333],"texture":"#0"},"east":{"uv":[15,0,14.66667,0.5],"texture":"#0"},"south":{"uv":[14.83333,6.66667,13.33333,7.16667],"texture":"#0"},"west":{"uv":[0.33333,14.66667,0,15.16667],"texture":"#0"},"up":{"uv":[13.33333,7.66667,14.83333,7.33333],"texture":"#0"},"down":{"uv":[12,13.33333,13.5,13.66667],"texture":"#0"}}},{"from":[6.225,3.80529,7.5],"to":[7.225,5.90529,8.5],"rotation":{"angle":-22.5,"axis":"z","origin":[8,5.08029,8]},"faces":{"north":{"uv":[3.33333,13.33333,2.66667,14.66667],"texture":"#0"},"east":{"uv":[5.33333,13.33333,4.66667,14.66667],"texture":"#0"},"south":{"uv":[4.66667,13.33333,4,14.66667],"texture":"#0"},"west":{"uv":[4,13.33333,3.33333,14.66667],"texture":"#0"},"up":{"uv":[5.33333,8.66667,6,8],"texture":"#0"},"down":{"uv":[8.66667,8,9.33333,8.66667],"texture":"#0"}}},{"from":[-4.7,14.68029,7.5],"to":[-0.7,15.68029,8.5],"rotation":{"angle":-22.5,"axis":"z","origin":[-4.175,15.68029,8]},"faces":{"north":{"uv":[12.66667,10.66667,10,11.33333],"texture":"#0"},"east":{"uv":[0.66667,14,0,14.66667],"texture":"#0"},"south":{"uv":[2.66667,11.33333,0,12],"texture":"#0"},"west":{"uv":[9.33333,10,8.66667,10.66667],"texture":"#0"},"up":{"uv":[11.33333,0.66667,14,0],"texture":"#0"},"down":{"uv":[11.33333,0.66667,14,1.33333],"texture":"#0"}}},{"from":[-5.7,15.68029,7.5],"to":[-1.7,16.68029,8.5],"rotation":{"angle":-22.5,"axis":"z","origin":[-4.175,15.68029,8]},"faces":{"north":{"uv":[14,1.33333,11.33333,2],"texture":"#0"},"east":{"uv":[1.33333,14,0.66667,14.66667],"texture":"#0"},"south":{"uv":[14,2,11.33333,2.66667],"texture":"#0"},"west":{"uv":[14.66667,0,14,0.66667],"texture":"#0"},"up":{"uv":[2.66667,12,5.33333,11.33333],"texture":"#0"},"down":{"uv":[11.33333,2.66667,14,3.33333],"texture":"#0"}}},{"from":[2.7438,12.90614,7.7],"to":[3.8438,13.50614,8.3],"rotation":{"angle":-22.5,"axis":"z","origin":[3.4188,13.40614,8]},"faces":{"north":{"uv":[14.66667,12.66667,14,13],"texture":"#0"},"east":{"uv":[15,1.33333,14.66667,1.66667],"texture":"#0"},"south":{"uv":[14,14,13.33333,14.33333],"texture":"#0"},"west":{"uv":[1.66667,14.66667,1.33333,15],"texture":"#0"},"up":{"uv":[14,13.66667,14.66667,13.33333],"texture":"#0"},"down":{"uv":[14,14,14.66667,14.33333],"texture":"#0"}}},{"from":[1.7688,12.90614,7.5],"to":[2.8688,13.90614,8.5],"rotation":{"angle":0,"axis":"z","origin":[4.8188,13.40614,8]},"faces":{"north":{"uv":[14.66667,0.66667,14,1.33333],"texture":"#0"},"east":{"uv":[2.66667,14,2,14.66667],"texture":"#0"},"south":{"uv":[14.66667,1.33333,14,2],"texture":"#0"},"west":{"uv":[2,14,1.33333,14.66667],"texture":"#0"},"up":{"uv":[14,2.66667,14.66667,2],"texture":"#0"},"down":{"uv":[14,2.66667,14.66667,3.33333],"texture":"#0"}}},{"from":[-2.7178,13.22231,7.5125],"to":[-1.7178,14.63731,8.4875],"rotation":{"angle":22.5,"axis":"z","origin":[-4.175,15.68029,8]},"faces":{"north":{"uv":[8,13.33333,7.33333,14.33333],"texture":"#0"},"east":{"uv":[10,13.33333,9.33333,14.33333],"texture":"#0"},"south":{"uv":[9.33333,13.33333,8.66667,14.33333],"texture":"#0"},"west":{"uv":[8.66667,13.33333,8,14.33333],"texture":"#0"},"up":{"uv":[14,4,14.66667,3.33333],"texture":"#0"},"down":{"uv":[14,4,14.66667,4.66667],"texture":"#0"}}},{"from":[-5.25334,15.34441,7.5125],"to":[-4.25334,16.75941,8.4875],"rotation":{"angle":22.5,"axis":"z","origin":[-4.175,15.68029,8]},"faces":{"north":{"uv":[10.66667,13.33333,10,14.33333],"texture":"#0"},"east":{"uv":[12,13.33333,11.33333,14.33333],"texture":"#0"},"south":{"uv":[14,10.66667,13.33333,11.66667],"texture":"#0"},"west":{"uv":[11.33333,13.33333,10.66667,14.33333],"texture":"#0"},"up":{"uv":[14,5.33333,14.66667,4.66667],"texture":"#0"},"down":{"uv":[5.33333,14,6,14.66667],"texture":"#0"}}},{"from":[-1.68735,13.23566,7.75],"to":[0.31265,15.23566,8.25],"rotation":{"angle":45,"axis":"z","origin":[-0.68735,14.23566,8]},"faces":{"north":{"uv":[12.66667,3.33333,11.33333,4.66667],"texture":"#0"},"east":{"uv":[7,14,6.66667,15.33333],"texture":"#0"},"south":{"uv":[11.33333,4.66667,12.66667,6],"texture":"#0"},"west":{"uv":[6.33333,14,6,15.33333],"texture":"#0"},"up":{"uv":[14,5.66667,15.33333,5.33333],"texture":"#0"},"down":{"uv":[14,9.33333,15.33333,9.66667],"texture":"#0"}}},{"from":[-15.2,13.18029,8],"to":[-1.7,17.18029,8],"rotation":{"angle":-22.5,"axis":"z","origin":[-4.175,15.68029,8]},"faces":{"north":{"uv":[9,0,0,2.66667],"texture":"#0"},"east":{"uv":[0,0,0,2.66667],"texture":"#0"},"south":{"uv":[0,0,9,2.66667],"texture":"#0"},"west":{"uv":[0,0,0,2.66667],"texture":"#0"},"up":{"uv":[0,0,9,0],"texture":"#0"},"down":{"uv":[0,0,9,0],"texture":"#0"}}},{"from":[-14.2,8.28029,8],"to":[-1.7,12.28029,8],"rotation":{"angle":0,"axis":"z","origin":[-4.175,10.78029,8]},"faces":{"north":{"uv":[8.33333,2.66667,0,5.33333],"texture":"#0"},"east":{"uv":[0,0,0,2.66667],"texture":"#0"},"south":{"uv":[0,2.66667,8.33333,5.33333],"texture":"#0"},"west":{"uv":[0,0,0,2.66667],"texture":"#0"},"up":{"uv":[0,0,8.33333,0],"texture":"#0"},"down":{"uv":[0,0,8.33333,0],"texture":"#0"}}},{"from":[-0.61151,-5.5904,8],"to":[3.38849,2.9096,8],"rotation":{"angle":-45,"axis":"z","origin":[0.77959,1.78919,8]},"faces":{"north":{"uv":[0,8,5.66667,5.33333],"rotation":270,"texture":"#0"},"east":{"uv":[5.66667,0,0,0],"rotation":90,"texture":"#0"},"south":{"uv":[5.66667,8,0,5.33333],"rotation":90,"texture":"#0"},"west":{"uv":[5.66667,0,0,0],"rotation":90,"texture":"#0"},"up":{"uv":[0,2.66667,0,0],"rotation":90,"texture":"#0"},"down":{"uv":[0,2.66667,0,0],"rotation":90,"texture":"#0"}}},{"from":[-0.68738,10.96051,7.75],"to":[1.31262,12.96051,8.25],"rotation":{"angle":-22.5,"axis":"z","origin":[-1.76944,11.09806,8]},"faces":{"north":{"uv":[11.33333,4.66667,12.66667,3.33333],"rotation":270,"texture":"#0"},"east":{"uv":[15.33333,9.66667,14,9.33333],"rotation":90,"texture":"#0"},"south":{"uv":[12.66667,6,11.33333,4.66667],"rotation":90,"texture":"#0"},"west":{"uv":[15.33333,5.33333,14,5.66667],"rotation":90,"texture":"#0"},"up":{"uv":[6.66667,15.33333,7,14],"rotation":90,"texture":"#0"},"down":{"uv":[6,15.33333,6.33333,14],"rotation":90,"texture":"#0"}}},{"from":[-1.388,9.71587,7.5125],"to":[-0.388,11.13087,8.4875],"rotation":{"angle":45,"axis":"z","origin":[-1.76944,11.09806,8]},"faces":{"north":{"uv":[8,13.33333,7.33333,14.33333],"texture":"#0"},"east":{"uv":[10,13.33333,9.33333,14.33333],"texture":"#0"},"south":{"uv":[9.33333,13.33333,8.66667,14.33333],"texture":"#0"},"west":{"uv":[8.66667,13.33333,8,14.33333],"texture":"#0"},"up":{"uv":[14,4,14.66667,3.33333],"texture":"#0"},"down":{"uv":[14,4,14.66667,4.66667],"texture":"#0"}}},{"from":[-3.92354,11.83798,7.5125],"to":[-2.92354,13.25298,8.4875],"rotation":{"angle":45,"axis":"z","origin":[-1.76944,11.09806,8]},"faces":{"north":{"uv":[10.66667,13.33333,10,14.33333],"texture":"#0"},"east":{"uv":[12,13.33333,11.33333,14.33333],"texture":"#0"},"south":{"uv":[14,10.66667,13.33333,11.66667],"texture":"#0"},"west":{"uv":[11.33333,13.33333,10.66667,14.33333],"texture":"#0"},"up":{"uv":[14,5.33333,14.66667,4.66667],"texture":"#0"},"down":{"uv":[5.33333,14,6,14.66667],"texture":"#0"}}},{"from":[-3.81582,10.09809,7.5],"to":[0.18418,11.09809,8.5],"rotation":{"angle":0,"axis":"z","origin":[-1.76944,11.09806,8]},"faces":{"north":{"uv":[12.66667,10.66667,10,11.33333],"texture":"#0"},"east":{"uv":[0.66667,14,0,14.66667],"texture":"#0"},"south":{"uv":[2.66667,11.33333,0,12],"texture":"#0"},"west":{"uv":[9.33333,10,8.66667,10.66667],"texture":"#0"},"up":{"uv":[11.33333,0.66667,14,0],"texture":"#0"},"down":{"uv":[11.33333,0.66667,14,1.33333],"texture":"#0"}}},{"from":[-4.81582,11.09809,7.5],"to":[-0.81582,12.09809,8.5],"rotation":{"angle":0,"axis":"z","origin":[-1.76944,11.09806,8]},"faces":{"north":{"uv":[14,1.33333,11.33333,2],"texture":"#0"},"east":{"uv":[1.33333,14,0.66667,14.66667],"texture":"#0"},"south":{"uv":[14,2,11.33333,2.66667],"texture":"#0"},"west":{"uv":[14.66667,0,14,0.66667],"texture":"#0"},"up":{"uv":[2.66667,12,5.33333,11.33333],"texture":"#0"},"down":{"uv":[11.33333,2.66667,14,3.33333],"texture":"#0"}}},{"from":[2.62928,2.08744,7.75],"to":[4.62928,4.08744,8.25],"rotation":{"angle":22.5,"axis":"z","origin":[0.77959,1.78919,8]},"faces":{"north":{"uv":[11.33333,4.66667,12.66667,3.33333],"rotation":270,"texture":"#0"},"east":{"uv":[15.33333,9.66667,14,9.33333],"rotation":90,"texture":"#0"},"south":{"uv":[12.66667,6,11.33333,4.66667],"rotation":90,"texture":"#0"},"west":{"uv":[15.33333,5.33333,14,5.66667],"rotation":90,"texture":"#0"},"up":{"uv":[6.66667,15.33333,7,14],"rotation":90,"texture":"#0"},"down":{"uv":[6,15.33333,6.33333,14],"rotation":90,"texture":"#0"}}},{"from":[1.2892,2.86701,7.5125],"to":[2.7042,3.86701,8.4875],"rotation":{"angle":0,"axis":"z","origin":[0.77959,1.78919,8]},"faces":{"north":{"uv":[7.33333,14.33333,8,13.33333],"rotation":270,"texture":"#0"},"east":{"uv":[14.66667,4.66667,14,4],"rotation":90,"texture":"#0"},"south":{"uv":[8.66667,14.33333,9.33333,13.33333],"rotation":90,"texture":"#0"},"west":{"uv":[14.66667,3.33333,14,4],"rotation":90,"texture":"#0"},"up":{"uv":[9.33333,14.33333,10,13.33333],"rotation":90,"texture":"#0"},"down":{"uv":[8,14.33333,8.66667,13.33333],"rotation":90,"texture":"#0"}}},{"from":[-0.83291,0.33148,7.5125],"to":[0.58209,1.33148,8.4875],"rotation":{"angle":0,"axis":"z","origin":[0.77959,1.78919,8]},"faces":{"north":{"uv":[10,14.33333,10.66667,13.33333],"rotation":270,"texture":"#0"},"east":{"uv":[6,14.66667,5.33333,14],"rotation":90,"texture":"#0"},"south":{"uv":[13.33333,11.66667,14,10.66667],"rotation":90,"texture":"#0"},"west":{"uv":[14.66667,4.66667,14,5.33333],"rotation":90,"texture":"#0"},"up":{"uv":[11.33333,14.33333,12,13.33333],"rotation":90,"texture":"#0"},"down":{"uv":[10.66667,14.33333,11.33333,13.33333],"rotation":90,"texture":"#0"}}},{"from":[0.67069,0.61878,7.5],"to":[1.67069,4.61878,8.5],"rotation":{"angle":-45,"axis":"z","origin":[0.77959,1.78919,8]},"faces":{"north":{"uv":[10,11.33333,12.66667,10.66667],"rotation":270,"texture":"#0"},"east":{"uv":[14,1.33333,11.33333,0.66667],"rotation":90,"texture":"#0"},"south":{"uv":[0,12,2.66667,11.33333],"rotation":90,"texture":"#0"},"west":{"uv":[14,0,11.33333,0.66667],"rotation":90,"texture":"#0"},"up":{"uv":[0,14.66667,0.66667,14],"rotation":90,"texture":"#0"},"down":{"uv":[8.66667,10.66667,9.33333,10],"rotation":90,"texture":"#0"}}},{"from":[-0.32931,-0.38122,7.5],"to":[0.67069,3.61878,8.5],"rotation":{"angle":-45,"axis":"z","origin":[0.77959,1.78919,8]},"faces":{"north":{"uv":[11.33333,2,14,1.33333],"rotation":270,"texture":"#0"},"east":{"uv":[14,3.33333,11.33333,2.66667],"rotation":90,"texture":"#0"},"south":{"uv":[11.33333,2.66667,14,2],"rotation":90,"texture":"#0"},"west":{"uv":[5.33333,11.33333,2.66667,12],"rotation":90,"texture":"#0"},"up":{"uv":[0.66667,14.66667,1.33333,14],"rotation":90,"texture":"#0"},"down":{"uv":[14,0.66667,14.66667,0],"rotation":90,"texture":"#0"}}},{"from":[-2.21582,6.99809,7.5],"to":[1.78418,7.99809,8.5],"rotation":{"angle":22.5,"axis":"z","origin":[-1.13291,6.83919,8]},"faces":{"north":{"uv":[14,1.33333,11.33333,2],"texture":"#0"},"east":{"uv":[1.33333,14,0.66667,14.66667],"texture":"#0"},"south":{"uv":[14,2,11.33333,2.66667],"texture":"#0"},"west":{"uv":[14.66667,0,14,0.66667],"texture":"#0"},"up":{"uv":[2.66667,12,5.33333,11.33333],"texture":"#0"},"down":{"uv":[11.33333,2.66667,14,3.33333],"texture":"#0"}}},{"from":[-1.21582,5.99809,7.5],"to":[2.78418,6.99809,8.5],"rotation":{"angle":22.5,"axis":"z","origin":[-1.13291,6.83919,8]},"faces":{"north":{"uv":[12.66667,10.66667,10,11.33333],"texture":"#0"},"east":{"uv":[0.66667,14,0,14.66667],"texture":"#0"},"south":{"uv":[2.66667,11.33333,0,12],"texture":"#0"},"west":{"uv":[9.33333,10,8.66667,10.66667],"texture":"#0"},"up":{"uv":[11.33333,0.66667,14,0],"texture":"#0"},"down":{"uv":[11.33333,0.66667,14,1.33333],"texture":"#0"}}},{"from":[-2.01179,6.18581,7.5125],"to":[-0.59679,7.18581,8.4875],"rotation":{"angle":-22.5,"axis":"z","origin":[-1.13291,6.83919,8]},"faces":{"north":{"uv":[10,14.33333,10.66667,13.33333],"rotation":270,"texture":"#0"},"east":{"uv":[6,14.66667,5.33333,14],"rotation":90,"texture":"#0"},"south":{"uv":[13.33333,11.66667,14,10.66667],"rotation":90,"texture":"#0"},"west":{"uv":[14.66667,4.66667,14,5.33333],"rotation":90,"texture":"#0"},"up":{"uv":[11.33333,14.33333,12,13.33333],"rotation":90,"texture":"#0"},"down":{"uv":[10.66667,14.33333,11.33333,13.33333],"rotation":90,"texture":"#0"}}},{"from":[0.11032,8.72135,7.5125],"to":[1.52532,9.72135,8.4875],"rotation":{"angle":-22.5,"axis":"z","origin":[-1.13291,6.83919,8]},"faces":{"north":{"uv":[7.33333,14.33333,8,13.33333],"rotation":270,"texture":"#0"},"east":{"uv":[14.66667,4.66667,14,4],"rotation":90,"texture":"#0"},"south":{"uv":[8.66667,14.33333,9.33333,13.33333],"rotation":90,"texture":"#0"},"west":{"uv":[14.66667,3.33333,14,4],"rotation":90,"texture":"#0"},"up":{"uv":[9.33333,14.33333,10,13.33333],"rotation":90,"texture":"#0"},"down":{"uv":[8,14.33333,8.66667,13.33333],"rotation":90,"texture":"#0"}}},{"from":[1.70237,7.5998,7.75],"to":[3.70237,9.5998,8.25],"rotation":{"angle":0,"axis":"z","origin":[-1.13291,6.83919,8]},"faces":{"north":{"uv":[11.33333,4.66667,12.66667,3.33333],"rotation":270,"texture":"#0"},"east":{"uv":[15.33333,9.66667,14,9.33333],"rotation":90,"texture":"#0"},"south":{"uv":[12.66667,6,11.33333,4.66667],"rotation":90,"texture":"#0"},"west":{"uv":[15.33333,5.33333,14,5.66667],"rotation":90,"texture":"#0"},"up":{"uv":[6.66667,15.33333,7,14],"rotation":90,"texture":"#0"},"down":{"uv":[6,15.33333,6.33333,14],"rotation":90,"texture":"#0"}}},{"from":[-11.6,4.18029,8],"to":[0.9,8.18029,8],"rotation":{"angle":22.5,"axis":"z","origin":[-1.13291,6.83919,8]},"faces":{"north":{"uv":[8.33333,2.66667,0,5.33333],"texture":"#0"},"east":{"uv":[0,0,0,2.66667],"texture":"#0"},"south":{"uv":[0,2.66667,8.33333,5.33333],"texture":"#0"},"west":{"uv":[0,0,0,2.66667],"texture":"#0"},"up":{"uv":[0,0,8.33333,0],"texture":"#0"},"down":{"uv":[0,0,8.33333,0],"texture":"#0"}}},{"from":[6.425,5.90529,7.7],"to":[7.025,7.00529,8.3],"rotation":{"angle":-22.5,"axis":"z","origin":[8,5.08029,8]},"faces":{"north":{"uv":[14.33333,11.33333,14,12],"texture":"#0"},"east":{"uv":[13,14,12.66667,14.66667],"texture":"#0"},"south":{"uv":[14.33333,12,14,12.66667],"texture":"#0"},"west":{"uv":[12.33333,14,12,14.66667],"texture":"#0"},"up":{"uv":[0.66667,15,1,14.66667],"texture":"#0"},"down":{"uv":[14.66667,0.66667,15,1],"texture":"#0"}}},{"from":[4.5,4.5,8],"to":[11.5,11.5,8],"rotation":{"angle":45,"axis":"y","origin":[8,8,8]},"faces":{"north":{"uv":[0,0,14.16667,14.16667],"texture":"#1"},"east":{"uv":[0,0,0,4.66667],"texture":"#1"},"south":{"uv":[14.16667,0,0,14.16667],"texture":"#1"},"west":{"uv":[0,0,0,4.66667],"texture":"#1"},"up":{"uv":[0,0,0,4.66667],"rotation":270,"texture":"#1"},"down":{"uv":[0,0,0,4.66667],"rotation":90,"texture":"#1"}}},{"from":[8,4.5,4.5],"to":[8,11.5,11.5],"rotation":{"angle":45,"axis":"y","origin":[8,8,8]},"faces":{"north":{"uv":[0,0,0,4.66667],"rotation":180,"texture":"#1"},"east":{"uv":[0,0,14.16667,14.16667],"rotation":180,"texture":"#1"},"south":{"uv":[0,0,0,4.66667],"rotation":180,"texture":"#1"},"west":{"uv":[14.16667,0,0,14.16667],"rotation":180,"texture":"#1"},"up":{"uv":[0,0,0,4.66667],"texture":"#1"},"down":{"uv":[0,0,0,4.66667],"texture":"#1"}}}],"gui_light":"front","display":{"thirdperson_righthand":{"rotation":[39,0,0],"translation":[0,0,0.25],"scale":[0.5,0.5,0.5]},"thirdperson_lefthand":{"rotation":[65,0,0],"translation":[-5.75,-6.75,9.25]},"firstperson_righthand":{"translation":[-0.5,2.75,0],"scale":[0.68359,0.68359,0.68359]},"firstperson_lefthand":{"scale":[0,0,0]},"ground":{"rotation":[75.44,6.72,4.77],"translation":[0,-0.25,0],"scale":[0.5,0.5,0.5]},"gui":{"translation":[0,-0.25,0],"scale":[0.38086,0.38086,0.38086]},"head":{"translation":[0,-44.75,7.75],"scale":[2,2,2]},"fixed":{"translation":[0,0.5,-1.5],"scale":[1.54492,1.54492,1.54492]}}}